Label	ImageSource
Jackets	C:\repos\Curso ML\Clasificacion_imagenes\data\Train\Jackets\00718b6e-1adb-44c6-ad24-cfeb78ddb2c6___data\Train_m-800200-010-nike-original-imaffzqbhpxhycnb.jpeg
Jackets	C:\repos\Curso ML\Clasificacion_imagenes\data\Train\Jackets\015f6b36-e754-4b3b-8b29-3d8202937281___data\Train_5xl-5502-khaki-trufit-original-imaeck6sybzgaymd.jpeg
Jackets	C:\repos\Curso ML\Clasificacion_imagenes\data\Train\Jackets\0314a7e2-e4bc-4698-9b10-0a823b1d0a97___data\Train_w16-jkslvldr-m-pln-mabl-campus-sutra-l-original-imaez3fq2pugxh8x.jpeg
Jackets	C:\repos\Curso ML\Clasificacion_imagenes\data\Train\Jackets\05ed4ad4-b60a-40aa-8290-11db0ae29e5f___data\Train_s-10681062-buynewtrend-original-imaequmkckwdyykv.jpeg
Jackets	C:\repos\Curso ML\Clasificacion_imagenes\data\Train\Jackets\0b979e6c-f629-44b6-a28d-ce46bce624a3___data\Train_m-b45728conavy-adidas-original-imaf3qhcwqwwza8z.jpeg
Jackets	C:\repos\Curso ML\Clasificacion_imagenes\data\Train\Jackets\0ed0fc9c-c942-4761-a560-3d31c7962a81___data\Train_36-aaaboptk000brown-golden-triangle-original-imaem5sbdfhgzhcd.jpeg
Jackets	C:\repos\Curso ML\Clasificacion_imagenes\data\Train\Jackets\1ccb7481-8550-4df2-96e8-510395cc81d4___data\Train_m-gsfshd1289ind-6-gritstones-original-imaerg2zzavqdhbd.jpeg
Jackets	C:\repos\Curso ML\Clasificacion_imagenes\data\Train\Jackets\1f3758cd-5898-422e-8681-811ccaca2cec___data\Train_rww5f11013c-bongio-m-original-imaenjm8ra3dmf96.jpeg
Jackets	C:\repos\Curso ML\Clasificacion_imagenes\data\Train\Jackets\222aaee0-4438-4a48-a2fd-d591a76b5dca___data\Train_m-ejk51600028darkyellowwithkhakis-peter-england-original-imaexxhpdtbrsgtx.jpeg
Jackets	C:\repos\Curso ML\Clasificacion_imagenes\data\Train\Jackets\22c29b4b-c0ae-4234-acd8-c2ef929b1d93___data\Train_m-vhjk516m01181black-van-heusen-original-imaezvvcgmyjzzmg.jpeg
Jackets	C:\repos\Curso ML\Clasificacion_imagenes\data\Train\Jackets\269798f4-60de-4538-8e56-eaac383ceb83___data\Train_s-kttdenimjacket81-kotty-original-imaf3hgpatp5muy3.jpeg
Jackets	C:\repos\Curso ML\Clasificacion_imagenes\data\Train\Jackets\26e1de50-92b8-41f3-be89-5d410a2c5f96___data\Train_xxl-6523-pink-trufit-original-imaesgnezey4gx6q.jpeg
Jackets	C:\repos\Curso ML\Clasificacion_imagenes\data\Train\Jackets\3f3ac1ec-4f89-4377-9948-c091b3c6e222___data\Train_71d2tHoBPLL._SY220_.jpg.jpeg
Jackets	C:\repos\Curso ML\Clasificacion_imagenes\data\Train\Jackets\418de07f-590a-446d-ab4e-e691a6a900cf___data\Train_m-ejk51709016darkbluesolid-peter-england-original-imaeyyh7zjtrm955.jpeg
Jackets	C:\repos\Curso ML\Clasificacion_imagenes\data\Train\Jackets\423d4487-8552-4e8d-acaa-a6421302dd70___data\Train_aw16-jkdenim-m-pln-dnbl-campus-sutra-s-original-imaez3f4v2q78ju8.jpeg
Jackets	C:\repos\Curso ML\Clasificacion_imagenes\data\Train\Jackets\437b329b-19be-4340-9e38-7bdcc713c45e___data\Train_38-sku-dividerjktt-ico-blue-star-original-imaeurrkqtzhys4e.jpeg
Jackets	C:\repos\Curso ML\Clasificacion_imagenes\data\Train\Jackets\449672a2-c2f9-4af4-9891-8c3947bfd999___data\Train_40-cameracamo-forest-club-original-imaetyuywfjqzx8t.jpeg
Jackets	C:\repos\Curso ML\Clasificacion_imagenes\data\Train\Jackets\46473241-3d8d-45c4-a805-f0772ebeb1c7___data\Train_s-awjk515b00670medium-red-solid-allen-solly-original-imafygwbtepg2hgp.jpeg
Jackets	C:\repos\Curso ML\Clasificacion_imagenes\data\Train\Jackets\499e814c-abc9-44c2-95d1-1577dc24d57d___data\Train_42-vasmj002co-vastramay-original-imaf5etybfjhw2rp.jpeg
Jackets	C:\repos\Curso ML\Clasificacion_imagenes\data\Train\Jackets\5143fa1c-1d9b-4778-803a-7e1a5669b3a7___data\Train_m-gsjkt1502ing-gritstones-original-imaewwa3zf9rqea9.jpeg
Jackets	C:\repos\Curso ML\Clasificacion_imagenes\data\Train\Jackets\5458836d-8565-4339-8ba7-b1bc6ce168e0___data\Train_s-tj5455-black-tinted-original-imaezwe4pjzzagzy.jpeg
Jackets	C:\repos\Curso ML\Clasificacion_imagenes\data\Train\Jackets\57f64c23-6da1-4d40-938c-1cb2d33015b7___data\Train_m-zcmwjaa1500141b5-john-players-original-imafy2jb73tv8ves.jpeg
Jackets	C:\repos\Curso ML\Clasificacion_imagenes\data\Train\Jackets\595a5042-6a71-4170-a24a-c8bee7715283___data\Train_l-545jac-clo-clu-original-imaeuzegyhkcqxaf.jpeg
Jackets	C:\repos\Curso ML\Clasificacion_imagenes\data\Train\Jackets\671aaa26-6f6a-4d2f-975b-adc1137fb010___data\Train_m-pimt200805navy-pepe-jeans-original-imaf453n7hbfx3gh.jpeg
Jackets	C:\repos\Curso ML\Clasificacion_imagenes\data\Train\Jackets\672728e3-15bd-48e3-b40c-8dfed5c0d210___data\Train_xs-kotydenimjacket53-kotty-original-imaexcttykfed7k7.jpeg
Jackets	C:\repos\Curso ML\Clasificacion_imagenes\data\Train\Jackets\6905f833-9345-4a81-81b9-beb2decea8f4___data\Train_s-1664aj-buynewtrend-original-imafy6g7g4wvurn5.jpeg
Jackets	C:\repos\Curso ML\Clasificacion_imagenes\data\Train\Jackets\6960a27b-e5fe-4107-8dfb-56ac1fe5aa9c___data\Train_s-00197056-lavender-forever-21-original-imaf2h873mg5sngh.jpeg
Jackets	C:\repos\Curso ML\Clasificacion_imagenes\data\Train\Jackets\69d4b0c9-ff28-4108-845f-7df596a2ef54___data\Train_m-fmjkfz5ink-blue-numero-uno-original-imafyseyqyjrwqqg.jpeg
Jackets	C:\repos\Curso ML\Clasificacion_imagenes\data\Train\Jackets\6bd7943f-de3e-4ab7-ac17-7914a9a2c278___data\Train_s-af905-99-affair-original-imafy87atss6tzm6.jpeg
Jackets	C:\repos\Curso ML\Clasificacion_imagenes\data\Train\Jackets\718a6900-9339-4ac4-8cc8-c8eeb2f080e4___data\Train_m-cp299-1-clo-clu-original-imaezqdrzxqfjpvq.jpeg
Jackets	C:\repos\Curso ML\Clasificacion_imagenes\data\Train\Jackets\7344aedc-9d08-42df-91cf-11c7ccf7f877___data\Train_m-pimt200807-navy-pepe-jeans-original-imafy6kcs79xshyy.jpeg
Jackets	C:\repos\Curso ML\Clasificacion_imagenes\data\Train\Jackets\7378ab3c-98b0-4c27-8d3e-869ffab19aa0___data\Train_xl-tj5455-olive-tinted-original-imaezwe4udy5z6jg.jpeg
Jackets	C:\repos\Curso ML\Clasificacion_imagenes\data\Train\Jackets\743ee521-6ba7-4d69-9e1d-c4f4405a84f3___data\Train_m-13302-fablack-fort-collins-original-imaffznymgbk8v3t.jpeg
Jackets	C:\repos\Curso ML\Clasificacion_imagenes\data\Train\Jackets\8326f8a3-7d2b-4a15-b84c-446432da9656___data\Train_s-ajqw13555lt-pink-arrow-original-imafy2jfqtfchft4.jpeg
Jackets	C:\repos\Curso ML\Clasificacion_imagenes\data\Train\Jackets\85c4b015-5ab1-432a-867c-9373dc009e93___data\Train_m-fmjk0514black-flying-machine-original-imafytgpqkub6md9.jpeg
Jackets	C:\repos\Curso ML\Clasificacion_imagenes\data\Train\Jackets\8dde07e7-7988-4b7d-a7b3-5eceb6e12001___data\Train_s-ladies-denimhrug-4-rbtraders-original-imaf2rmxdzf99hjq.jpeg
Jackets	C:\repos\Curso ML\Clasificacion_imagenes\data\Train\Jackets\8f59666f-3af4-4a02-938e-9c1e0e2d0713___data\Train_gs60217jktgmel-gritstones-s-original-imadus5492utkbhy.jpeg
Jackets	C:\repos\Curso ML\Clasificacion_imagenes\data\Train\Jackets\947696b7-b2b8-42f3-8561-d9a4bc22ea66___data\Train_42-brown-velvet-stylish-jacket-for-men-s-akaas-original-imaexydhubxu3x95.jpeg
Jackets	C:\repos\Curso ML\Clasificacion_imagenes\data\Train\Jackets\96724a89-b1af-4c00-89b7-c565b243012f___data\Train_smb001-br-plutus-l-original-imaemnf2nqs8zvvj.jpeg
Jackets	C:\repos\Curso ML\Clasificacion_imagenes\data\Train\Jackets\9adc44ee-7ba8-4f02-8d71-f749e30c7c8f___data\Train_3xl-fmzs0001-fanideaz-original-imaf35pxmaa4kxfq.jpeg
Jackets	C:\repos\Curso ML\Clasificacion_imagenes\data\Train\Jackets\a21a3486-a630-41ec-abb7-fc391b233d69___data\Train_xxl-kttmensdenimjacket26-kotty-original-imaffy24yujbjuqu.jpeg
Jackets	C:\repos\Curso ML\Clasificacion_imagenes\data\Train\Jackets\a3690d78-7dc0-4f47-b276-2237ca5d8bc0___data\Train_xl-ts900905-ghpc-original-imaex2ut7dbtsbhn.jpeg
Jackets	C:\repos\Curso ML\Clasificacion_imagenes\data\Train\Jackets\a5d6a360-3253-400c-a692-21242f193579___data\Train_1031-10-womens-zara-softy-tan-antic-rockerfashions-m-original-imaehqzupt7gycdc.jpeg
Jackets	C:\repos\Curso ML\Clasificacion_imagenes\data\Train\Jackets\a923c37e-4f20-420f-946c-bf993e8c4245___data\Train_m-vhjk516m09541blue-van-heusen-original-imaf5a64zhe4gxds.jpeg
Jackets	C:\repos\Curso ML\Clasificacion_imagenes\data\Train\Jackets\b1534d58-0238-4f5e-b533-896416062a23___data\Train_m-zcmwjaa160023002sunset-gold-john-players-original-imafytgz57mmhfce.jpeg
Jackets	C:\repos\Curso ML\Clasificacion_imagenes\data\Train\Jackets\b3be330c-c211-45bb-b244-11aef08021c8___data\Train_free-sk-5108-mudrika-original-imaf4fz626pegq9f.jpeg
Jackets	C:\repos\Curso ML\Clasificacion_imagenes\data\Train\Jackets\b607a69c-600f-4cc3-8df0-f93a006c5f6f___data\Train_ycrt-jct-ind-yasmin-creations-xl-original-imaezzzcgwyvt64m.jpeg
Jackets	C:\repos\Curso ML\Clasificacion_imagenes\data\Train\Jackets\bb871d73-7f19-4f82-ad78-98a31258c3ba___data\Train_s-tj5455-navy-tinted-original-imaezwe4d3tyjqkx.jpeg
Jackets	C:\repos\Curso ML\Clasificacion_imagenes\data\Train\Jackets\cce3eeca-f4cb-489d-93f5-948c944e1f83___data\Train_womens-sweat-blue-christy-world-m-original-imaehhhnyz5qwqeq.jpeg
Jackets	C:\repos\Curso ML\Clasificacion_imagenes\data\Train\Jackets\d061fe07-253a-4e13-89cc-cf80dc0cb27f___data\Train_l-super-jk-blkor03-gag-original-imaewsyhrsv7hmnr.jpeg
Jackets	C:\repos\Curso ML\Clasificacion_imagenes\data\Train\Jackets\d0cd3e0f-4da9-4b23-82a9-48bfc88fd0c6___data\Train_m-tj5456-navy-tinted-original-imaezqfzk2fqwpgs.jpeg
Jackets	C:\repos\Curso ML\Clasificacion_imagenes\data\Train\Jackets\d47d7bb5-e8f9-42fa-9ae1-b706724e8b18___data\Train_m-tj5409-navy-tinted-original-imafybgfn6zhwmvx.jpeg
Jackets	C:\repos\Curso ML\Clasificacion_imagenes\data\Train\Jackets\d72459d9-a63b-4426-a4f7-447d0abb4189___data\Train_bsico00019black-ico-blue-star-m-original-imae2yntzhsuzmd9.jpeg
Jackets	C:\repos\Curso ML\Clasificacion_imagenes\data\Train\Jackets\d9407aaa-a6bd-4183-af62-52493a2e249a___data\Train_m-p6c113181071jktblack-people-original-imaf594fjch98sgh.jpeg
Jackets	C:\repos\Curso ML\Clasificacion_imagenes\data\Train\Jackets\df5c43ab-f653-4256-8683-b74d99dc6415___data\Train_m-57525001blue-puma-original-imaf37zcczfphnr5.jpeg
Jackets	C:\repos\Curso ML\Clasificacion_imagenes\data\Train\Jackets\e322a760-c22f-40da-aa44-9e34438a339b___data\Train_l-ejk51407086others-peter-england-original-imaeqr52fkwtchhh.jpeg
Jackets	C:\repos\Curso ML\Clasificacion_imagenes\data\Train\Jackets\e48bc6a8-f577-42e0-a22a-403223787822___data\Train_44-stylotrendjack-12-stylotrend-com-original-imaf4xmnhwu45gqu.jpeg
Jackets	C:\repos\Curso ML\Clasificacion_imagenes\data\Train\Jackets\eccdfe00-2e05-4a97-8c3d-1ccb7cbaee7d___data\Train_xxl-tj5305-black-tinted-original-imaeznwehzpz4uma.jpeg
Jackets	C:\repos\Curso ML\Clasificacion_imagenes\data\Train\Jackets\f70d3c16-8c60-43e4-9c85-cbe022c4ef00___data\Train_m-gsjkt1793blkwht-gritstones-original-imaf2mph7hfzpx6g.jpeg
Jeans	C:\repos\Curso ML\Clasificacion_imagenes\data\Train\Jeans\03e9700a-f655-45ad-818e-e6c29cabf8f2___data\Train_41U2jN3MQSL._AC_UL650_SR500650_QL65_.jpg.jpeg
Jeans	C:\repos\Curso ML\Clasificacion_imagenes\data\Train\Jeans\0974de34-9c2d-4341-ba10-c2fea8fb415b___data\Train_32-vddn517d009290pink-v-dot-by-van-heusen-original-imafy2jk4te48bgk.jpeg
Jeans	C:\repos\Curso ML\Clasificacion_imagenes\data\Train\Jeans\0cd41221-d6f1-4be3-aa81-58bb085895ce___data\Train_28-hps-lgrey-urbano-fashion-original-imaf5bzbhcfqmgtx.jpeg
Jeans	C:\repos\Curso ML\Clasificacion_imagenes\data\Train\Jeans\0d0e3b0b-3bbf-443a-aef3-10bf7ee08c0d___data\Train_x20silklusterwht-x20-jeans-32-original-imaeprcggw7ms5hj.jpeg
Jeans	C:\repos\Curso ML\Clasificacion_imagenes\data\Train\Jeans\15f407da-df96-4a27-80b3-34e9978f5a1c___data\Train_30-18298-0338blue-levi-s-original-imaexxbywa4mzwqw.jpeg
Jeans	C:\repos\Curso ML\Clasificacion_imagenes\data\Train\Jeans\16b1aaf9-00d0-4bb9-b15f-faf0c6b60860___data\Train_412BOXHOX4ML._AC_UL260_SR200260_.jpg.jpeg
Jeans	C:\repos\Curso ML\Clasificacion_imagenes\data\Train\Jeans\1aa68372-8876-4b94-aa79-500a674a75f8___data\Train_41xnnO2EbOL._AC_UL260_SR200260_.jpg.jpeg
Jeans	C:\repos\Curso ML\Clasificacion_imagenes\data\Train\Jeans\2954a7b5-1559-48f9-8162-8bdefc4dac87___data\Train_38-ss-01ag-01-spykar-original-imaery7efphf74qt.jpeg
Jeans	C:\repos\Curso ML\Clasificacion_imagenes\data\Train\Jeans\2c61a684-2413-4455-ba12-303c3e8615f1___data\Train_41NiNz3TqhL._AC_UL260_SR200260_.jpg.jpeg
Jeans	C:\repos\Curso ML\Clasificacion_imagenes\data\Train\Jeans\2ee44c48-fe9e-4b2d-bb77-4097c9ff631a___data\Train_32-hljn000673-indigo-highlander-original-imaf4vupzqfzxzcw.jpeg
Jeans	C:\repos\Curso ML\Clasificacion_imagenes\data\Train\Jeans\319056b8-8df7-4cb4-b101-3d28cdd023dc___data\Train_41I4PGqnkRL._AC_UL260_SR200260_.jpg.jpeg
Jeans	C:\repos\Curso ML\Clasificacion_imagenes\data\Train\Jeans\330d0516-d915-40f5-a549-62f8303c6150___data\Train_32-zcmwjna160039indigo-john-players-original-imaewn7guacjxdcg.jpeg
Jeans	C:\repos\Curso ML\Clasificacion_imagenes\data\Train\Jeans\3601680b-96d7-4e1a-b847-0f0f74f9ae8a___data\Train_41spJmqgfSL._AC_UL260_SR200260_.jpg.jpeg
Jeans	C:\repos\Curso ML\Clasificacion_imagenes\data\Train\Jeans\3cdbca15-8b11-4bc1-b1cd-1fb956bdb712___data\Train_41Byg59AwiL._AC_UL501_SR385501_QL65_.jpg.jpeg
Jeans	C:\repos\Curso ML\Clasificacion_imagenes\data\Train\Jeans\505c0f50-a8ec-4969-8406-73e394a2e3b3___data\Train_32-fmjc0227washed-denim-flying-machine-original-imaffz9kyh2axwt8.jpeg
Jeans	C:\repos\Curso ML\Clasificacion_imagenes\data\Train\Jeans\547a4027-92e5-439a-a654-270e62ce246f___data\Train_32-w30138w22smujsw-blue-wrangler-original-imaf4huvhzyhtwja.jpeg
Jeans	C:\repos\Curso ML\Clasificacion_imagenes\data\Train\Jeans\56b75a6f-e494-4e41-af9a-0de7f942a091___data\Train_32-55714-0010blue-levi-s-original-imaf5cf3ffmyaeen.jpeg
Jeans	C:\repos\Curso ML\Clasificacion_imagenes\data\Train\Jeans\5cc3ac85-9033-4750-a3f9-86851234c70f___data\Train_41N7BWF3wwL._AC_UL260_SR200260_.jpg.jpeg
Jeans	C:\repos\Curso ML\Clasificacion_imagenes\data\Train\Jeans\6054c662-653b-41af-8bc6-7a917c1c79f0___data\Train_32-zcmwjna160037jet-black-john-players-original-imaf5bazfzjkkggh.jpeg
Jeans	C:\repos\Curso ML\Clasificacion_imagenes\data\Train\Jeans\6388e693-0784-42ae-9652-30c914b81c5f___data\Train_41Fb9QGBbL._AC_UL260_SR200260_.jpg.jpeg
Jeans	C:\repos\Curso ML\Clasificacion_imagenes\data\Train\Jeans\65aaa678-f925-4551-9609-034c31a5ed27___data\Train_jdn51606152darkbluewithblue-peter-england-32-original-imaephya8g3srmzy.jpeg
Jeans	C:\repos\Curso ML\Clasificacion_imagenes\data\Train\Jeans\6f492713-1fea-433a-91c9-28f9ba660306___data\Train_32-18162159131216-rpu-original-imaf2hz2gbcxtchv.jpeg
Jeans	C:\repos\Curso ML\Clasificacion_imagenes\data\Train\Jeans\6fc71fae-bc04-4f10-a9d7-2c045858173b___data\Train_32-l32191248smunavy-blue-lee-original-imaf3suy7bfbw4yf.jpeg
Jeans	C:\repos\Curso ML\Clasificacion_imagenes\data\Train\Jeans\70fc4938-c18e-48bd-9999-ec5ae4ca4b7f___data\Train_34-jog-hps-dblue-urbano-fashion-original-imaexuayks89fgzp.jpeg
Jeans	C:\repos\Curso ML\Clasificacion_imagenes\data\Train\Jeans\7ccedc50-5e95-464d-ac6c-ced3db34cc63___data\Train_41CdcqLHkXL._AC_UL501_SR385501_QL65_.jpg.jpeg
Jeans	C:\repos\Curso ML\Clasificacion_imagenes\data\Train\Jeans\7f2222f5-9b51-43a6-ba5f-4408deba88c5___data\Train_413VSMjvskL._AC_UL260_SR200260_.jpg.jpeg
Jeans	C:\repos\Curso ML\Clasificacion_imagenes\data\Train\Jeans\8859ac1d-a86f-4d7c-bfc2-9cbf5a766002___data\Train_38-ljsl007black-l-zard-original-imaezrxp5buuccyc.jpeg
Jeans	C:\repos\Curso ML\Clasificacion_imagenes\data\Train\Jeans\8870a2ea-b95a-4384-ba19-dd84f0386e77___data\Train_32-hljn000655-blue-highlander-original-imaf5g63bdmf9vz7.jpeg
Jeans	C:\repos\Curso ML\Clasificacion_imagenes\data\Train\Jeans\8ab4aa45-6285-485f-b4fe-b5e13e031aa9___data\Train_41CdVbCRfiL._AC_UL260_SR200260_.jpg.jpeg
Jeans	C:\repos\Curso ML\Clasificacion_imagenes\data\Train\Jeans\8d6a1178-aef9-465d-ad84-12f43f3299ee___data\Train_32-w30116w22smujsw-blue-wrangler-original-imaf4huvkg7nkhze.jpeg
Jeans	C:\repos\Curso ML\Clasificacion_imagenes\data\Train\Jeans\95e7a9a1-cd48-41a0-8d10-7fd6d924551b___data\Train_41KSZPd-inL._AC_UL260_SR200260_.jpg.jpeg
Jeans	C:\repos\Curso ML\Clasificacion_imagenes\data\Train\Jeans\9edc5354-4e95-4e97-97ee-512fc1abee9d___data\Train_32-mact-02ag-020-a-lt-blue-a-spykar-original-imaf47m2nderhymw.jpeg
Jeans	C:\repos\Curso ML\Clasificacion_imagenes\data\Train\Jeans\a4e771bd-8e74-469f-b5a4-bbe4f849836c___data\Train_32-fmjno0124blue-flying-machine-original-imaf4gads23ekgnf.jpeg
Jeans	C:\repos\Curso ML\Clasificacion_imagenes\data\Train\Jeans\a68ed5c1-08d7-4b1a-a24c-9ca17b100b55___data\Train_32-w30150w22smujsw-blue-wrangler-original-imaf3sttp2gmcgap.jpeg
Jeans	C:\repos\Curso ML\Clasificacion_imagenes\data\Train\Jeans\ac33201c-212f-4fd2-b938-39fd80db2442___data\Train_lj136-l-zard-37-original-imaezhhswcbzrdyq.jpeg
Jeans	C:\repos\Curso ML\Clasificacion_imagenes\data\Train\Jeans\af3e48f6-d710-43ab-8703-beb7506d586f___data\Train_32-hljn000658-black-highlander-original-imaf5g63vz7zrb3a.jpeg
Jeans	C:\repos\Curso ML\Clasificacion_imagenes\data\Train\Jeans\b31d8f76-2f51-458a-b6e8-04625d042522___data\Train_41uYA4unAuL._AC_UL260_SR200260_.jpg.jpeg
Jeans	C:\repos\Curso ML\Clasificacion_imagenes\data\Train\Jeans\b394014e-cef0-4c9f-9924-b4a2a70bd608___data\Train_jdn31604346mediumbluewithwhite-peter-england-32-original-imaehygtwnkjhaht.jpeg
Jeans	C:\repos\Curso ML\Clasificacion_imagenes\data\Train\Jeans\b74fc078-629f-4b64-aa85-1e74b975f322___data\Train_41Iro4tyE5L._AC_UL260_SR200260_.jpg.jpeg
Jeans	C:\repos\Curso ML\Clasificacion_imagenes\data\Train\Jeans\b9937d02-5e90-4cb1-8f3b-8a2a26c6c191___data\Train_41BarewbN4L._AC_UL501_SR385501_QL65_.jpg.jpeg
Jeans	C:\repos\Curso ML\Clasificacion_imagenes\data\Train\Jeans\c035b190-18e3-4b73-9866-3b9a84621bfd___data\Train_41qwi4yWReL._AC_UL501_SR385501_QL65_.jpg.jpeg
Jeans	C:\repos\Curso ML\Clasificacion_imagenes\data\Train\Jeans\c8125ed4-81c8-4ec3-b143-1c8c4ed09639___data\Train_41R4b8q3JAL._AC_UL260_SR200260_.jpg.jpeg
Jeans	C:\repos\Curso ML\Clasificacion_imagenes\data\Train\Jeans\cb7c3b93-2ddc-4c8f-a8f9-6082cabe1a52___data\Train_41U2jN3MQSL._AC_UL260_SR200260_.jpg.jpeg
Jeans	C:\repos\Curso ML\Clasificacion_imagenes\data\Train\Jeans\cb9282a9-6422-4da5-b9a6-de7f9970d52a___data\Train_32-ms17den054-metronaut-original-imaffvfvrquugncn.jpeg
Jeans	C:\repos\Curso ML\Clasificacion_imagenes\data\Train\Jeans\cfbbc246-4cf7-4166-89d4-8f23e0996a94___data\Train_34-712kneecutjogger-damler-original-imaf484yz2u5uzum.jpeg
Jeans	C:\repos\Curso ML\Clasificacion_imagenes\data\Train\Jeans\dcce77db-4542-4e0a-a0bb-6d1fa72564b7___data\Train_412YHMq49-L._AC_UL260_SR200260_.jpg.jpeg
Jeans	C:\repos\Curso ML\Clasificacion_imagenes\data\Train\Jeans\df26ff5d-e738-4eeb-b335-5ebd6ab808ec___data\Train_41lvxCVSgvL._AC_UL260_SR200260_.jpg.jpeg
Jeans	C:\repos\Curso ML\Clasificacion_imagenes\data\Train\Jeans\e0ed7292-01f9-4b5c-b285-bd9fbd93d91b___data\Train_32-mss18jn024-metronaut-original-imaf5y7ts3fyrx4d.jpeg
Jeans	C:\repos\Curso ML\Clasificacion_imagenes\data\Train\Jeans\e94872a4-1a7d-4fca-9885-e891fe1c54f0___data\Train_28-zip-jog-hps-black-urbano-fashion-original-imaf2r9erzuxgqu9.jpeg
Jeans	C:\repos\Curso ML\Clasificacion_imagenes\data\Train\Jeans\e9c1d914-3444-4ecf-b7b1-a6d1f51b82b0___data\Train_32-hljn000575-dark-blue-highlander-original-imaeyhedafufmagh.jpeg
Jeans	C:\repos\Curso ML\Clasificacion_imagenes\data\Train\Jeans\ec691bda-0c6f-4e4f-870c-6fb8a1c5d72c___data\Train_41YyvTn09uL._AC_UL260_SR200260_.jpg.jpeg
Jeans	C:\repos\Curso ML\Clasificacion_imagenes\data\Train\Jeans\ed2e3e7b-fb1a-4e6d-ba4b-02b2d32ec078___data\Train_30-mj-wht-2-ansh-fashion-wear-original-imaev8bhu9egcfc2.jpeg
Jeans	C:\repos\Curso ML\Clasificacion_imagenes\data\Train\Jeans\eff2b48c-6205-4f76-8f45-7c657f2274cc___data\Train_32-hljn000657-indigo-highlander-original-imaf5g638budmtum.jpeg
Jeans	C:\repos\Curso ML\Clasificacion_imagenes\data\Train\Jeans\f456638a-a33c-49fb-b3f0-a9d0b6ff0dc9___data\Train_34-mjrpkc-03-ridge-vogue-original-imaf5fny7phxssqa.jpeg
Jeans	C:\repos\Curso ML\Clasificacion_imagenes\data\Train\Jeans\f66dce68-2d52-4114-b04d-f19ce0d50add___data\Train_412gXoVYYsL._AC_UL501_SR385501_QL65_.jpg.jpeg
Jeans	C:\repos\Curso ML\Clasificacion_imagenes\data\Train\Jeans\fb58b72e-679f-437b-9e45-590292b38a9d___data\Train_40-fmjn3688-flying-machine-original-imaezszbhekzhy84.jpeg
Jeans	C:\repos\Curso ML\Clasificacion_imagenes\data\Train\Jeans\fd844d1d-9919-4d8d-9944-06717f65ccec___data\Train_32-fmjno0160washed-denim-flying-machine-original-imaf56hgwqyfzp5c.jpeg
Shirts	C:\repos\Curso ML\Clasificacion_imagenes\data\Train\Shirts\052de5dd-74fb-4d6c-939c-18c7d0f7979b___data\Train_91AEU-mf4KL._SY220_.jpg.jpeg
Shirts	C:\repos\Curso ML\Clasificacion_imagenes\data\Train\Shirts\06e367b8-87e4-48ee-831a-e90bc5088fc6___data\Train_40-zcmwshs170016bright-white-john-players-original-imaf453chbr7zxxv.jpeg
Shirts	C:\repos\Curso ML\Clasificacion_imagenes\data\Train\Shirts\1c58335e-2a4a-4c8a-a8c2-ac164fbcafcb___data\Train_81FCyX2BCsiL._SY220_.jpg.jpeg
Shirts	C:\repos\Curso ML\Clasificacion_imagenes\data\Train\Shirts\1f2a592c-4f72-409a-99ef-4e2297bff52b___data\Train_s-tbl-shirt-tripr-original-imafyjfy6fhyfffu.jpeg
Shirts	C:\repos\Curso ML\Clasificacion_imagenes\data\Train\Shirts\21fd0187-f51c-423a-8964-a5c80ac9f5b4___data\Train_l-lrow517r01491blue-lp-jeans-by-louis-philippe-original-imaf5frhey5zrnhc.jpeg
Shirts	C:\repos\Curso ML\Clasificacion_imagenes\data\Train\Shirts\2840c512-003b-4f07-b572-362a4c7c1f0e___data\Train_303-navyblue-mesh-40-original-imaezb5xp7gswg98.jpeg
Shirts	C:\repos\Curso ML\Clasificacion_imagenes\data\Train\Shirts\2e3d3d56-49ef-4252-9185-7df3fc97cdd3___data\Train_m-hlsh009210-navy-blue-beige-highlander-original-imaevt88hy4y4q4y.jpeg
Shirts	C:\repos\Curso ML\Clasificacion_imagenes\data\Train\Shirts\32839683-b02a-4833-9657-e92b92add595___data\Train_m-302blackdenimjkt-40m-ico-blue-star-original-imaf4e4qwzrqykyz.jpeg
Shirts	C:\repos\Curso ML\Clasificacion_imagenes\data\Train\Shirts\363f40bc-88b2-496d-84c7-64589fea40bd___data\Train_91MvqG5TvnL._SY220_.jpg.jpeg
Shirts	C:\repos\Curso ML\Clasificacion_imagenes\data\Train\Shirts\3ade1907-3622-4a62-8ec0-54637954a44e___data\Train_pastel._V507777836_.jpg.jpeg
Shirts	C:\repos\Curso ML\Clasificacion_imagenes\data\Train\Shirts\3b8df722-87e9-4fc3-af6a-c47b6578ce71___data\Train_41jj2AnCwxL._AC_SS200_.jpg.jpeg
Shirts	C:\repos\Curso ML\Clasificacion_imagenes\data\Train\Shirts\3eebdba0-20a2-4ac7-b764-7f81fdafe6c2___data\Train_41q27lJbEfL._AC_SS200_.jpg.jpeg
Shirts	C:\repos\Curso ML\Clasificacion_imagenes\data\Train\Shirts\3f675865-0ba4-49ea-893e-a5ff4afbc7a2___data\Train_71q4q3FDFPL._SL170_.jpg.jpeg
Shirts	C:\repos\Curso ML\Clasificacion_imagenes\data\Train\Shirts\442844b8-271a-4a3b-b354-64efe8212606___data\Train_41knC4cxS8L._AC_SS200_.jpg.jpeg
Shirts	C:\repos\Curso ML\Clasificacion_imagenes\data\Train\Shirts\48a44816-305a-46dd-9581-02b3762b9e1b___data\Train_m-hlsh009375-navy-blue-red-highlander-original-imaeztzvxezz4h2h.jpeg
Shirts	C:\repos\Curso ML\Clasificacion_imagenes\data\Train\Shirts\49dfab63-a287-4017-b0da-2d8e988f4f9a___data\Train_m-hlsh009638-white-blue-highlander-original-imaf2f4ghxmsqrhm.jpeg
Shirts	C:\repos\Curso ML\Clasificacion_imagenes\data\Train\Shirts\4a2ff329-b236-4b8e-b1b7-3d046e21b94a___data\Train_rs15a0bcm2-rodid-s-original-imaepff4z8axwhz4.jpeg
Shirts	C:\repos\Curso ML\Clasificacion_imagenes\data\Train\Shirts\52fe3aef-4ad2-4f79-b832-1ef7281fb887___data\Train_m-hlsh009622-white-blue-highlander-original-imaf2f4ghkmygcsz.jpeg
Shirts	C:\repos\Curso ML\Clasificacion_imagenes\data\Train\Shirts\5f210a3a-01d5-4c9d-a8a1-242a0db6a3bf___data\Train_40-esf517013846darkbluewithblack-peter-england-original-imaf47c9dvkshnha.jpeg
Shirts	C:\repos\Curso ML\Clasificacion_imagenes\data\Train\Shirts\6514e4be-561b-45d2-89e6-d4dba9117b55___data\Train_m-l2415917hk14white-lee-original-imaf5cfp8tv6zmjd.jpeg
Shirts	C:\repos\Curso ML\Clasificacion_imagenes\data\Train\Shirts\66ba49e3-c0b2-4a3c-b01e-f7d1fe137216___data\Train_81sbPmRUgTL._SY220_.jpg.jpeg
Shirts	C:\repos\Curso ML\Clasificacion_imagenes\data\Train\Shirts\68127aec-d0a8-4d27-bb90-4eb357d08021___data\Train_41F9MDR2BZZL._AC_SS200_.jpg.jpeg
Shirts	C:\repos\Curso ML\Clasificacion_imagenes\data\Train\Shirts\6c2bbf1c-de20-48c0-86ec-583c090d3d9f___data\Train_vv1142dnvy692trq-vvoguish-xl-original-imae6gakezfgcwx7.jpeg
Shirts	C:\repos\Curso ML\Clasificacion_imagenes\data\Train\Shirts\6d432d91-ecb8-43be-9e64-ae6ffb953241___data\Train_46-bfrybluesht02-being-fab-original-imaekjr8ymhnxznp.jpeg
Shirts	C:\repos\Curso ML\Clasificacion_imagenes\data\Train\Shirts\76ba4e17-93d4-4dcf-b2ab-dbf6d1510fea___data\Train_m-udsh0123olive-u-s-polo-assn-original-imaf5a59agh62yaf.jpeg
Shirts	C:\repos\Curso ML\Clasificacion_imagenes\data\Train\Shirts\7ba1b344-34fd-44f6-8371-41cb995aa7bb___data\Train_xxl-c503-mediumblue-dennis-lingo-original-imaewtwz47fdydgm.jpeg
Shirts	C:\repos\Curso ML\Clasificacion_imagenes\data\Train\Shirts\7c158f90-64ed-481d-911d-eca5b1244b51___data\Train_40-jcmwshs170094dutch-blue-john-players-original-imaes39aaytstmuq.jpeg
Shirts	C:\repos\Curso ML\Clasificacion_imagenes\data\Train\Shirts\7c175b1e-e3a5-4228-b1c4-ea98b54a294e___data\Train_51yiTpYcV0L._AC_SS200_.jpg.jpeg
Shirts	C:\repos\Curso ML\Clasificacion_imagenes\data\Train\Shirts\81d61608-1ba0-4415-8b68-57982d51c0c1___data\Train_38-308-darkmaronkiller-mesh-original-imaezyvzvfm7mgz7.jpeg
Shirts	C:\repos\Curso ML\Clasificacion_imagenes\data\Train\Shirts\87a2d645-b131-4bad-b803-7c7cd8309918___data\Train_81hCw2dOEXL._SL170_.jpg.jpeg
Shirts	C:\repos\Curso ML\Clasificacion_imagenes\data\Train\Shirts\92a5847d-878a-4eaf-a1ea-85ca2c701e69___data\Train_61jl1UQt5lL._SL170_.jpg.jpeg
Shirts	C:\repos\Curso ML\Clasificacion_imagenes\data\Train\Shirts\930e85da-9c68-4acb-bfcf-f04c7814e0cf___data\Train_m-zcmwjaa160001indigo-john-players-original-imaex3xf4vbzp2pu.jpeg
Shirts	C:\repos\Curso ML\Clasificacion_imagenes\data\Train\Shirts\9ada18be-acb2-4282-b415-a7b8c30f7bd4___data\Train_m-udsh0065olive-u-s-polo-assn-original-imaf2775hhghqbez.jpeg
Shirts	C:\repos\Curso ML\Clasificacion_imagenes\data\Train\Shirts\9ff5c21e-34a6-49ab-a62d-9b518a4efc85___data\Train_614-ypLFbfL._SY220_.jpg.jpeg
Shirts	C:\repos\Curso ML\Clasificacion_imagenes\data\Train\Shirts\abf7d6ea-022d-426b-befe-67b5298b7c18___data\Train_m-oxyee-roller-fashions-original-imaewsrfrzgyx6nb.jpeg
Shirts	C:\repos\Curso ML\Clasificacion_imagenes\data\Train\Shirts\ad2d6023-6223-46b6-bd3b-16e012fa2019___data\Train_81iCK4PxiYL._SY220_.jpg.jpeg
Shirts	C:\repos\Curso ML\Clasificacion_imagenes\data\Train\Shirts\afdcc080-9629-4c13-8e00-33cc56ea899d___data\Train_40-zcmwsha160094mood-indigo-john-players-original-imaezuyhexjyg8zh.jpeg
Shirts	C:\repos\Curso ML\Clasificacion_imagenes\data\Train\Shirts\b35a2b1f-543f-4e93-944c-96816a5d37f6___data\Train_m-fmshv0025maroon-flying-machine-original-imaf594983g28dfp.jpeg
Shirts	C:\repos\Curso ML\Clasificacion_imagenes\data\Train\Shirts\c188db39-c080-45f1-8078-f9ee55f03018___data\Train_xl-sdn-44-r-jai-textiles-original-imafygb8nzgyxzgh.jpeg
Shirts	C:\repos\Curso ML\Clasificacion_imagenes\data\Train\Shirts\ca24b8f3-b6ec-4caa-bbb6-c99f40b765d9___data\Train_41SJJv1nUpL._AC_SS200_.jpg.jpeg
Shirts	C:\repos\Curso ML\Clasificacion_imagenes\data\Train\Shirts\cdc553b1-6125-4deb-bf19-6b1b78946508___data\Train_415G5umh71L._AC_SS200_.jpg.jpeg
Shirts	C:\repos\Curso ML\Clasificacion_imagenes\data\Train\Shirts\d2590d53-2c36-4a96-b748-feb7d80d426f___data\Train_xl-shirt-161-deeksha-original-imaf4zzcrvwgyvsf.jpeg
Shirts	C:\repos\Curso ML\Clasificacion_imagenes\data\Train\Shirts\d50b9840-acf6-4219-a564-52ef850dc46f___data\Train_m-hlsh009013-maroon-dark-blue-highlander-original-imaf5g64rgtr6txd.jpeg
Shirts	C:\repos\Curso ML\Clasificacion_imagenes\data\Train\Shirts\d570f93a-04b2-48d4-99ea-47a182ba085e___data\Train_m-jjk51605288darkgreywithblack-peter-england-original-imaeqnhr3szegvm9.jpeg
Shirts	C:\repos\Curso ML\Clasificacion_imagenes\data\Train\Shirts\d5a12277-8a90-4c41-8971-c3c29528e1a2___data\Train_51CLKOX8drL._SL1600_.jpg.jpeg
Shirts	C:\repos\Curso ML\Clasificacion_imagenes\data\Train\Shirts\e3ac561f-97a7-47e9-bbf4-c1790ab8c43d___data\Train_m-hlsh009565-black-grey-highlander-original-imaf5g65ky2vzmns.jpeg
Shirts	C:\repos\Curso ML\Clasificacion_imagenes\data\Train\Shirts\ec166e1b-28d2-46aa-93f2-d0d1ade6d35e___data\Train_m-hlsh009541-red-navy-blue-highlander-original-imaf5g65qmnbzk9m.jpeg
Shirts	C:\repos\Curso ML\Clasificacion_imagenes\data\Train\Shirts\ed6e6421-1269-4d82-8b60-3850116dc409___data\Train_m-cm-st81-cobio-man-original-imaezw2tyfgvfcct.jpeg
Shirts	C:\repos\Curso ML\Clasificacion_imagenes\data\Train\Shirts\efb614fc-cf07-4cb3-bb67-eeb5bd1fed5c___data\Train_41IFq13wXRL._AC_SS200_.jpg.jpeg
Shirts	C:\repos\Curso ML\Clasificacion_imagenes\data\Train\Shirts\f4decc67-1f94-467e-b264-f2f4606fbe01___data\Train_m-ac0002rwc-thefashionexpert-original-imaeuhfhwq7ychgf.jpeg
Shirts	C:\repos\Curso ML\Clasificacion_imagenes\data\Train\Shirts\f65d2ecc-6d9d-4f2e-977e-0f47e8cc8edd___data\Train_linen._V507777845_.jpg.jpeg
Shirts	C:\repos\Curso ML\Clasificacion_imagenes\data\Train\Shirts\fb4ccad3-e571-4a6c-8ff4-7db3e325e0de___data\Train_m-fmshv0022green-flying-machine-original-imaf53j9kgfkyfmn.jpeg
Shirts	C:\repos\Curso ML\Clasificacion_imagenes\data\Train\Shirts\fba34f06-d6e2-4e84-8596-845b89709fa9___data\Train_casual._V507777836_.jpg.jpeg
Shirts	C:\repos\Curso ML\Clasificacion_imagenes\data\Train\Shirts\fd765076-ec5c-46ad-b58c-c06d61c4fb80___data\Train_38-203-blackredcheck-mesh-original-imaex65bh2zbtx2q.jpeg
Shoes	C:\repos\Curso ML\Clasificacion_imagenes\data\Train\Shoes\0641d916-d45c-426c-97de-e7475e34330b___data\Train_fbf-sx0078l-7-sparx-grey-flourscent-green-original-imaedz4faavcxqg6.jpeg
Shoes	C:\repos\Curso ML\Clasificacion_imagenes\data\Train\Shoes\081901e9-fd5e-465d-a6f3-df86de4d6779___data\Train_ginger-03cblkpnk-amy91cblue-8-asian-multicolor-original-imaeugpurpvjhhh8.jpeg
Shoes	C:\repos\Curso ML\Clasificacion_imagenes\data\Train\Shoes\0921d276-3d21-4428-86f1-e9228de18f24___data\Train_flame-charcoal-14698-crocs-6-original-imaegumgr799zn7r.jpeg
Shoes	C:\repos\Curso ML\Clasificacion_imagenes\data\Train\Shoes\0bbc18a2-0bb1-4bc4-8472-88a41cd9680a___data\Train_sx0108l-3-sparx-greyflourscentorange-original-imaffqfaprjwgwge.jpeg
Shoes	C:\repos\Curso ML\Clasificacion_imagenes\data\Train\Shoes\146704fd-6cae-4d88-9f46-d3ea4944401d___data\Train_black-boots-c525-37-claggy-black-original-imaecce8h8zhnguy.jpeg
Shoes	C:\repos\Curso ML\Clasificacion_imagenes\data\Train\Shoes\1994b651-0869-4ce4-821f-37ada3f2706e___data\Train_ls-2220-43-london-steps-black-original-imaepm2d2vwenvnu.jpeg
Shoes	C:\repos\Curso ML\Clasificacion_imagenes\data\Train\Shoes\1ccc6718-00ee-49e9-b788-17e4e4d99d1f___data\Train_512-1064-women-39-zappy-beige-original-imaf3h7zxajm9zvh.jpeg
Shoes	C:\repos\Curso ML\Clasificacion_imagenes\data\Train\Shoes\1e55f87c-8c26-4756-9b97-2ce424960d8a___data\Train_pn1-white-fsm-40-fashimo-white-original-imaffeuk4ztcyfaz.jpeg
Shoes	C:\repos\Curso ML\Clasificacion_imagenes\data\Train\Shoes\24a0b261-7f2d-4e46-a3c5-62088aa70326___data\Train_grey-cute-asian-40-original-imae7jdsu92ejxdq.jpeg
Shoes	C:\repos\Curso ML\Clasificacion_imagenes\data\Train\Shoes\328af3de-7590-44ca-a694-0bf96864dc6c___data\Train_190431-6-puma-nrgy-peach-blue-depths-puma-white-original-imaf4mwcarhhnyef.jpeg
Shoes	C:\repos\Curso ML\Clasificacion_imagenes\data\Train\Shoes\36bba024-c1e8-40b6-8cb3-ea1ec072bd6e___data\Train_cn3543-6-5-reebok-blue-original-imaf52fqrzhz2q7b.jpeg
Shoes	C:\repos\Curso ML\Clasificacion_imagenes\data\Train\Shoes\38de310c-a13b-46c4-bdca-b655e9a402d2___data\Train_l001-39-jk-port-black-original-imaffjz2fy3hskgz.jpeg
Shoes	C:\repos\Curso ML\Clasificacion_imagenes\data\Train\Shoes\3d75a8b3-80aa-4a19-be35-aab427291e1b___data\Train_sporter-o-brown-606-9-sporter-brown-original-imaey4zgqeek9syc.jpeg
Shoes	C:\repos\Curso ML\Clasificacion_imagenes\data\Train\Shoes\3f0bc1e9-ba6d-4683-9dbb-2a991be5cb2a___data\Train_gibbson-41-shoetopia-red-original-imaf5gf4tapmq9kq.jpeg
Shoes	C:\repos\Curso ML\Clasificacion_imagenes\data\Train\Shoes\3f1a7cea-d9d0-4482-8a66-d104f1118943___data\Train_boot-jumbo-b-37-do-bhai-pink-original-imaewssgnntqrpfq.jpeg
Shoes	C:\repos\Curso ML\Clasificacion_imagenes\data\Train\Shoes\409b6082-0ed1-4b9d-b8e6-81139761b6d6___data\Train_8803-41-zapatoz-black-original-imaex2xdudcggdty.jpeg
Shoes	C:\repos\Curso ML\Clasificacion_imagenes\data\Train\Shoes\41822d5a-73d8-4d2e-a253-c0f5c14c7391___data\Train_boot-jumbo-b-39-do-bhai-black-original-imaewssgduvr4wzj.jpeg
Shoes	C:\repos\Curso ML\Clasificacion_imagenes\data\Train\Shoes\5126ef84-bca1-4e4f-b3cf-1ffa669c061c___data\Train_lr-23-38-asian-pink-original-imaequq3fgwnkeuc.jpeg
Shoes	C:\repos\Curso ML\Clasificacion_imagenes\data\Train\Shoes\5279f863-e61c-4f44-ab01-11874c9630c1___data\Train_pa-gold-star-40-sir-denill-pink-original-imaf3h24gs3dhzwu.jpeg
Shoes	C:\repos\Curso ML\Clasificacion_imagenes\data\Train\Shoes\58c87fc9-0911-4da6-9d34-8eb5f27cf547___data\Train_cf-707-mc-37-cute-fashion-black-original-imaez9tg5v6rgzug.jpeg
Shoes	C:\repos\Curso ML\Clasificacion_imagenes\data\Train\Shoes\5bf46eff-cf65-40db-8b70-fe685d886373___data\Train_top-speed-xtreme-ss18-9-reebok-white-cycle-blue-original-imaf4ef3vn9mthru.jpeg
Shoes	C:\repos\Curso ML\Clasificacion_imagenes\data\Train\Shoes\66171873-262b-43e3-9471-f891dd539b49___data\Train_fo1066-9-kraasa-black-original-imaezsxz3auzzcz3.jpeg
Shoes	C:\repos\Curso ML\Clasificacion_imagenes\data\Train\Shoes\6aac2c75-264e-4115-adf6-c986d64d8f0b___data\Train_bs6421-black-coal-white-7-5-reebok-black-coal-white-original-imaez6g2h26yupzb.jpeg
Shoes	C:\repos\Curso ML\Clasificacion_imagenes\data\Train\Shoes\6ac9faea-450f-47e2-97fc-ce76300bde4a___data\Train_s2-40-steemo-black-original-imafymypfcxamguy.jpeg
Shoes	C:\repos\Curso ML\Clasificacion_imagenes\data\Train\Shoes\700753c0-1855-40a8-8932-787858b5ecd9___data\Train_fo1046-11-kraasa-black-original-imaex8rfjguvcuw2.jpeg
Shoes	C:\repos\Curso ML\Clasificacion_imagenes\data\Train\Shoes\70a03ca0-4450-4f56-a95f-70c35a9de8ca___data\Train_2003-7-red-rose-black-original-imaf2qcrr5uhh2rt.jpeg
Shoes	C:\repos\Curso ML\Clasificacion_imagenes\data\Train\Shoes\7773165b-cf99-4477-9afb-1e3cf78cc421___data\Train_1106-40-bella-toes-black-original-imaeqwrgk3cpvquh.jpeg
Shoes	C:\repos\Curso ML\Clasificacion_imagenes\data\Train\Shoes\7e314052-312e-404e-863d-25d27729f91b___data\Train_1214-39-krafter-white-original-imaewdp6wxygyn4y.jpeg
Shoes	C:\repos\Curso ML\Clasificacion_imagenes\data\Train\Shoes\815feb44-f215-4e3d-be2c-d0400018e2a7___data\Train_oskav362-40-moonwalk-brown-original-imaf2yzergr2pqwx.jpeg
Shoes	C:\repos\Curso ML\Clasificacion_imagenes\data\Train\Shoes\8164784e-82a6-4af6-9f71-43c28bb5c98a___data\Train_sho133-7-t-rock-black-original-imaewtw2rdqzygyx.jpeg
Shoes	C:\repos\Curso ML\Clasificacion_imagenes\data\Train\Shoes\85775963-bffc-4099-b532-7c4d8b8436c2___data\Train_011-grey-pink-ld151-blue-sky-8-steemo-grey-original-imaeqws5v6wsd82u.jpeg
Shoes	C:\repos\Curso ML\Clasificacion_imagenes\data\Train\Shoes\8d673593-1c09-4f1b-9e95-59a38186cc0f___data\Train_pn1-brown-fsm-39-fashimo-brown-original-imaffeughphrtmqd.jpeg
Shoes	C:\repos\Curso ML\Clasificacion_imagenes\data\Train\Shoes\90be33b0-cb31-418e-a4fd-cd90df5747b8___data\Train_raden-m-ss18-8-adidas-mysblu-silvmt-mysblu-original-imaf4kzrprwdcsah.jpeg
Shoes	C:\repos\Curso ML\Clasificacion_imagenes\data\Train\Shoes\9e1b10ce-849b-47d5-8df1-98a95be2bc90___data\Train_014-blue-pink-7-bella-toes-blue-original-imaexvz8fdfpmgde.jpeg
Shoes	C:\repos\Curso ML\Clasificacion_imagenes\data\Train\Shoes\9ed9ae0d-5c2a-4725-977c-9ae1e44d0ff0___data\Train_1106-39-bella-toes-white-original-imaeqwrnnzytc5s2.jpeg
Shoes	C:\repos\Curso ML\Clasificacion_imagenes\data\Train\Shoes\a5688e31-7764-4c87-8867-85bfe619cb04___data\Train_fst-1149-35-fausto-beige-original-imaexj6ufjfjhjvq.jpeg
Shoes	C:\repos\Curso ML\Clasificacion_imagenes\data\Train\Shoes\a88f4e93-f18d-43d1-8129-c28037d3f646___data\Train_wndr-13-8-asian-grey-green-original-imaenr72gssfxrbj.jpeg
Shoes	C:\repos\Curso ML\Clasificacion_imagenes\data\Train\Shoes\aa27b19e-08b0-4489-a862-e07d6ae9556d___data\Train_rj08-hnd-001-39-beonza-white-original-imaf4v6kxjz9dzzu.jpeg
Shoes	C:\repos\Curso ML\Clasificacion_imagenes\data\Train\Shoes\abd79571-3922-4ee6-b124-d1183de482b3___data\Train_rvlsprts035-37-beonza-grey-original-imaexgcfxzzzz2cy.jpeg
Shoes	C:\repos\Curso ML\Clasificacion_imagenes\data\Train\Shoes\ad63196c-1c12-469e-8569-489b2b817190___data\Train_sx0100l-6-sparx-dark-grey-peach-original-imafy9mt4p5zfs2z.jpeg
Shoes	C:\repos\Curso ML\Clasificacion_imagenes\data\Train\Shoes\afbf5b7e-2ad7-4fe1-b2cd-3e691252e1f5___data\Train_jago-nu-idp-8-puma-puma-white-puma-silver-original-imafff5agp4khpgx.jpeg
Shoes	C:\repos\Curso ML\Clasificacion_imagenes\data\Train\Shoes\b5620153-a58c-4ff6-af77-5c07388a6536___data\Train_bb1702dgsogr-silvmt-cblack-8-adidas-dgsogr-silvmt-cblack-original-imaeyzughncugu5y.jpeg
Shoes	C:\repos\Curso ML\Clasificacion_imagenes\data\Train\Shoes\bc5d7130-942e-40ad-8599-ae8e41760c08___data\Train_brown-el0031-exotique-40-original-imaegxcsge2phyd6.jpeg
Shoes	C:\repos\Curso ML\Clasificacion_imagenes\data\Train\Shoes\bd0d7fc7-8d1d-415c-9b10-282b1ffb609c___data\Train_2line-9-shoetopia-red-original-imaf5jhgx6bjgcp8.jpeg
Shoes	C:\repos\Curso ML\Clasificacion_imagenes\data\Train\Shoes\c14b722f-dd10-417d-a690-fc0ec5e94b2d___data\Train_gd1-white-golden-38-blinder-white-original-imaewznxm6ngjgyn.jpeg
Shoes	C:\repos\Curso ML\Clasificacion_imagenes\data\Train\Shoes\c1b2c0c8-2ebc-4fa4-903d-20fc14509690___data\Train_cn4369-7-5-reebok-blue-original-imaf52fpqxptsyv7.jpeg
Shoes	C:\repos\Curso ML\Clasificacion_imagenes\data\Train\Shoes\c42c48b1-7449-47bd-bfb0-549efe1ab84e___data\Train_oskav366-41-moonwalk-red-original-imaffevbykfj8syh.jpeg
Shoes	C:\repos\Curso ML\Clasificacion_imagenes\data\Train\Shoes\cd4d6c9e-fc3f-46f3-a95c-6c594de091f0___data\Train_ar4840-7-lotto-101-original-imafyahqq9fhygcg.jpeg
Shoes	C:\repos\Curso ML\Clasificacion_imagenes\data\Train\Shoes\cdc5e2ea-dec8-4a63-abad-85f8965f70c2___data\Train_oskav362-37-moonwalk-black-original-imaezqy7ckzaskzd.jpeg
Shoes	C:\repos\Curso ML\Clasificacion_imagenes\data\Train\Shoes\d4d7106d-03f8-410f-8816-c636f5201a85___data\Train_ax-002-6-adza-grey-original-imaf4c5khcx8df5y.jpeg
Shoes	C:\repos\Curso ML\Clasificacion_imagenes\data\Train\Shoes\d632e888-ff09-49d8-9aec-af509215ac18___data\Train_wndr-13-6-asian-black-red-original-imaenr72ttddwgwh.jpeg
Shoes	C:\repos\Curso ML\Clasificacion_imagenes\data\Train\Shoes\dfedbd0b-0b8c-48fa-9001-333a95a2bc2a___data\Train_gibbson-39-shoetopia-pink-original-imaf5gf4jjzmbufd.jpeg
Shoes	C:\repos\Curso ML\Clasificacion_imagenes\data\Train\Shoes\e24d7897-9d54-46fb-9620-04551b31aa09___data\Train_sx0108l-4-sparx-darkgreyflourscentgreen-original-imaffqfaek4q4pg8.jpeg
Shoes	C:\repos\Curso ML\Clasificacion_imagenes\data\Train\Shoes\e4f40619-e611-408a-b0ff-4270b8c00fa4___data\Train_ms750c-7-myra-black-original-imaerj9zu3ejjc5a.jpeg
Shoes	C:\repos\Curso ML\Clasificacion_imagenes\data\Train\Shoes\eeaab062-9244-4294-b1cf-f08d5406ade9___data\Train_nmd6651-golden-41-nmd-gold-original-imaey63agx2nwgbz.jpeg
Shoes	C:\repos\Curso ML\Clasificacion_imagenes\data\Train\Shoes\ef9bca72-b608-41fc-be01-e76f5747f2e8___data\Train_sx0100l-4-sparx-mauve-pink-original-imafy9mtxfubdek5.jpeg
Shoes	C:\repos\Curso ML\Clasificacion_imagenes\data\Train\Shoes\f0bd1eed-2238-44fe-b75e-d9f91fa0db26___data\Train_364807-4-puma-white-quiet-shade-ultra-magenta-black-original-imaf4zcnajmzhyvc.jpeg
Shoes	C:\repos\Curso ML\Clasificacion_imagenes\data\Train\Shoes\f6ada675-ceb2-46b6-9de9-3fb25b438e3c___data\Train_cn3542-9-5-reebok-clay-tint-black-original-imaf4f57cduktxrz.jpeg
Shoes	C:\repos\Curso ML\Clasificacion_imagenes\data\Train\Shoes\f7b3ed5e-440a-4606-9a72-d03534b5586e___data\Train_lvs564-8-claptrap-white-original-imaff6zdjt49khyh.jpeg
Skirts	C:\repos\Curso ML\Clasificacion_imagenes\data\Train\Skirts\0a0fd53f-8be6-4da8-9e76-497708f705c3___data\Train_free-ls36-white-camey-original-imaexjhzzzzmn5ap.jpeg
Skirts	C:\repos\Curso ML\Clasificacion_imagenes\data\Train\Skirts\0d2800f3-2f8a-463a-8457-3c907f3e3d02___data\Train_skt221-decot-paradise-free-original-imaecb8yby7sf3hp.jpeg
Skirts	C:\repos\Curso ML\Clasificacion_imagenes\data\Train\Skirts\10665e44-8ac6-46d3-8b98-a5b0a1e902f6___data\Train_s-el-wst154-s8-squirrel-grey-2go-original-imaf48jvdmjy28dg.jpeg
Skirts	C:\repos\Curso ML\Clasificacion_imagenes\data\Train\Skirts\1ff7ab3b-29e6-4674-8626-4a56c58f8d73___data\Train_free-sk-5209-jwf-original-imaf5dzzyvz5fhhu.jpeg
Skirts	C:\repos\Curso ML\Clasificacion_imagenes\data\Train\Skirts\29119f00-4848-40c8-ba47-5bb7680d8e0f___data\Train_s-00058210-black-red-blue-forever-21-original-imaexx5mgrcqghz8.jpeg
Skirts	C:\repos\Curso ML\Clasificacion_imagenes\data\Train\Skirts\299b450d-367c-4141-befd-15f7f4b54a46___data\Train_skt422-decot-paradise-free-original-imaedf7hg2wgzhsn.jpeg
Skirts	C:\repos\Curso ML\Clasificacion_imagenes\data\Train\Skirts\2b27bd4f-05b2-4225-a9dc-a9356d2508d3___data\Train_free-ls-32-short-pink-camey-original-imaewpmgg9hrtjff.jpeg
Skirts	C:\repos\Curso ML\Clasificacion_imagenes\data\Train\Skirts\2efa6782-abd9-4278-bfea-dfc2c6a31385___data\Train_l-el-wst1341-a7scarlet-red-2go-original-imaexqhchfrktjht.jpeg
Skirts	C:\repos\Curso ML\Clasificacion_imagenes\data\Train\Skirts\3b40cef5-c0cb-4588-b4b7-eac51ebc8bb0___data\Train_m-clmt-ruffle-07-clemente-original-imaf54zdxgjwwuxp.jpeg
Skirts	C:\repos\Curso ML\Clasificacion_imagenes\data\Train\Skirts\416fedf3-46d5-4cce-b414-cc2d62fc1337___data\Train_27-00227420-light-denim-forever-21-original-imafyq2huuyrjrjd.jpeg
Skirts	C:\repos\Curso ML\Clasificacion_imagenes\data\Train\Skirts\4ae0ccfd-c6f7-49b6-adf6-bc6871cf9d53___data\Train_free-ls-leaf-black-camey-original-imaf5cjyjwb7wyhr.jpeg
Skirts	C:\repos\Curso ML\Clasificacion_imagenes\data\Train\Skirts\54171a24-7820-4f82-b493-b5fbe344e1ec___data\Train_free-sk-5153-jwf-original-imaf4v8kgkr3zedd.jpeg
Skirts	C:\repos\Curso ML\Clasificacion_imagenes\data\Train\Skirts\56d27b47-2599-4b3c-b95c-841d240c7d07___data\Train_l-mkskrt025-modern-kart-original-imaf52fugydnpgra.jpeg
Skirts	C:\repos\Curso ML\Clasificacion_imagenes\data\Train\Skirts\58b00e14-f0fb-4ec2-8adb-671f38429714___data\Train_27-0025101405-forever-21-original-imafyq2ktrdyeae7.jpeg
Skirts	C:\repos\Curso ML\Clasificacion_imagenes\data\Train\Skirts\5ebe960f-0f79-44c6-8a96-3efbf3c8e844___data\Train_s-1957a-buynewtrend-original-imaf4fdzrcggqbjh.jpeg
Skirts	C:\repos\Curso ML\Clasificacion_imagenes\data\Train\Skirts\5fbb6222-7e65-49ea-9be4-6676a36c41bf___data\Train_free-ls-27-blue-camey-original-imaewpgx6yfg3k7g.jpeg
Skirts	C:\repos\Curso ML\Clasificacion_imagenes\data\Train\Skirts\62f1edb3-9f2b-4473-8ac7-a3ab227165d9___data\Train_free-sk-26-jwf-original-imafyngmpzh7k8gn.jpeg
Skirts	C:\repos\Curso ML\Clasificacion_imagenes\data\Train\Skirts\67ed581d-f6a1-4daa-85b7-acb7ba4a3fea___data\Train_free-combosk-7307-mudrika-original-imaf48tzs2ewssqn.jpeg
Skirts	C:\repos\Curso ML\Clasificacion_imagenes\data\Train\Skirts\697f337a-2fae-465f-8133-795d6e2d3dd4___data\Train_s-00251617-beige-forever-21-original-imaev3vxhxuq68h4.jpeg
Skirts	C:\repos\Curso ML\Clasificacion_imagenes\data\Train\Skirts\6ae48894-8485-4fef-9a37-5c249fd7cadf___data\Train_newwrapskirt-8-buynewtrend-28-original-imaeg4wzk4y6rfgf.jpeg
Skirts	C:\repos\Curso ML\Clasificacion_imagenes\data\Train\Skirts\6d4a2bbe-9f4e-4a8f-b322-0da8965027b1___data\Train_l-705sk301li-amadore-original-imaetxfzhdv3h8ey.jpeg
Skirts	C:\repos\Curso ML\Clasificacion_imagenes\data\Train\Skirts\6d522918-0935-460a-9311-b432a06740b8___data\Train_l-clmt-ruffle-01-clemente-original-imaf54zd8huzwjgh.jpeg
Skirts	C:\repos\Curso ML\Clasificacion_imagenes\data\Train\Skirts\6e0c368c-ba29-486a-9c6e-a2995cd69735___data\Train_free-combosk-7298-mudrika-original-imaf4fz6u8ndzbrh.jpeg
Skirts	C:\repos\Curso ML\Clasificacion_imagenes\data\Train\Skirts\73e8fe45-56fd-4681-aaff-58a483a2ad9a___data\Train_xl-jswj103-xl-decot-paradise-original-imaexdytexhazpa6.jpeg
Skirts	C:\repos\Curso ML\Clasificacion_imagenes\data\Train\Skirts\740ef2e4-89e5-4a8b-b810-a707f7fb96fc___data\Train_free-sk-5158-jwf-original-imaf4v8kpczgyzwk.jpeg
Skirts	C:\repos\Curso ML\Clasificacion_imagenes\data\Train\Skirts\74cfbc29-d422-4cf1-8499-1e134faedd25___data\Train_free-sk-2100-silver-organisation-original-imaf3gwcggzgnfuz.jpeg
Skirts	C:\repos\Curso ML\Clasificacion_imagenes\data\Train\Skirts\761d2e48-721b-4026-b3f5-362052bb165f___data\Train_free-raprhc169-handicrunch-original-imaf5gf87srzh8bf.jpeg
Skirts	C:\repos\Curso ML\Clasificacion_imagenes\data\Train\Skirts\8905c109-d1f9-43af-8db8-c1356529aac1___data\Train_dv3064-magnus-free-original-imaejwct2ekghatc.jpeg
Skirts	C:\repos\Curso ML\Clasificacion_imagenes\data\Train\Skirts\8f0d87d9-7305-4844-9d89-888c5d541a88___data\Train_l-fskf350315-msfq-original-imaf48s9t6wh5qrb.jpeg
Skirts	C:\repos\Curso ML\Clasificacion_imagenes\data\Train\Skirts\91d09eb9-2fd2-4581-a9d4-ecfce0ff12ec___data\Train_free-skr24-unikstop-original-imaf3b6enzzcdvh9.jpeg
Skirts	C:\repos\Curso ML\Clasificacion_imagenes\data\Train\Skirts\97fb96a7-15ff-4997-9ec3-fb06305a47f6___data\Train_free-vkrp001black-vaidiki-original-imaf4guqxs2tc3nq.jpeg
Skirts	C:\repos\Curso ML\Clasificacion_imagenes\data\Train\Skirts\9d9ba39b-224f-4fe8-8cc9-2351bfa1badd___data\Train_free-sk-5162-silver-organisation-original-imaf53qcvbsmksyy.jpeg
Skirts	C:\repos\Curso ML\Clasificacion_imagenes\data\Train\Skirts\a02e24d3-692f-4337-bc77-67aa98662220___data\Train_free-dl3219-decot-paradise-original-imaetmjdcs2wnkry.jpeg
Skirts	C:\repos\Curso ML\Clasificacion_imagenes\data\Train\Skirts\a58ffb59-5e7f-402d-a2b2-0ef98b37eb77___data\Train_1-1-gr3043-red-harpa-xl-original-imaec6zsgjcr6pfu.jpeg
Skirts	C:\repos\Curso ML\Clasificacion_imagenes\data\Train\Skirts\a8b4d260-a60e-4ab8-9ed7-d567ea9c6a30___data\Train_s-00192602-olive-forever-21-original-imaexx5my2cz6ab2.jpeg
Skirts	C:\repos\Curso ML\Clasificacion_imagenes\data\Train\Skirts\aa1bc66e-985c-4c60-83f0-45d9123ad72d___data\Train_free-ls-31-short-green-camey-original-imaewpheakwhjzyu.jpeg
Skirts	C:\repos\Curso ML\Clasificacion_imagenes\data\Train\Skirts\afd953dc-58da-4e11-8b75-84d686c3bbea___data\Train_xl-styl123bmini-franclo-original-imaf33cwf4ryxtjt.jpeg
Skirts	C:\repos\Curso ML\Clasificacion_imagenes\data\Train\Skirts\b215fca0-1b27-4f49-8c4d-be4238d5348d___data\Train_m-skt3361-decot-paradise-original-imaeuhk4y4dqgapn.jpeg
Skirts	C:\repos\Curso ML\Clasificacion_imagenes\data\Train\Skirts\b4568078-6607-467e-9c1a-48539ee4eff1___data\Train_free-sk-2107-silver-organisation-original-imaf3gwdjm4rzwat.jpeg
Skirts	C:\repos\Curso ML\Clasificacion_imagenes\data\Train\Skirts\b54b125b-859e-4c4b-bb43-9b4c4525589b___data\Train_s-00182243-coral-forever-21-original-imaexx5mjgg4vyq7.jpeg
Skirts	C:\repos\Curso ML\Clasificacion_imagenes\data\Train\Skirts\bad4ab3e-84e5-4634-8415-b3facb2f2514___data\Train_free-skt-00102-rd-my-swag-original-imaetm5hhbmabfwx.jpeg
Skirts	C:\repos\Curso ML\Clasificacion_imagenes\data\Train\Skirts\c2c4146d-c026-47c1-a3d6-ba40ef3376c8___data\Train_1-1-gr2670navy-harpa-m-original-imae89epzckpcss4.jpeg
Skirts	C:\repos\Curso ML\Clasificacion_imagenes\data\Train\Skirts\c6e17096-6d54-423c-8bfc-b097b9a31568___data\Train_xl-styl001minimfg-franclo-original-imaf58efhmknbr6s.jpeg
Skirts	C:\repos\Curso ML\Clasificacion_imagenes\data\Train\Skirts\ce68dd46-1f73-455a-ac2e-6f59a0273abe___data\Train_sfskrt3029-sassafras-xl-original-imaej6z5ezxyfhyg.jpeg
Skirts	C:\repos\Curso ML\Clasificacion_imagenes\data\Train\Skirts\d153d08c-787c-485b-8d89-bdd431c7671f___data\Train_skt423-decot-paradise-free-original-imaedf7jktghbavr.jpeg
Skirts	C:\repos\Curso ML\Clasificacion_imagenes\data\Train\Skirts\d2fed5c6-f62d-4107-b816-460d7f1d4092___data\Train_s-0022622607-forever-21-original-imaewzgge473aezh.jpeg
Skirts	C:\repos\Curso ML\Clasificacion_imagenes\data\Train\Skirts\d6291140-c005-48ce-a307-1800c982a4ae___data\Train_skt425-decot-paradise-free-original-imaedf7npauypc5p.jpeg
Skirts	C:\repos\Curso ML\Clasificacion_imagenes\data\Train\Skirts\d7d00b76-675f-4fc4-8792-8a41f0b17709___data\Train_free-sk-5159-jwf-original-imaf4v8krfnytjxg.jpeg
Skirts	C:\repos\Curso ML\Clasificacion_imagenes\data\Train\Skirts\dc5a82c3-1940-443c-aaa0-5f9329659b21___data\Train_skt228-decot-paradise-free-original-imaecb99jyzew6fy.jpeg
Skirts	C:\repos\Curso ML\Clasificacion_imagenes\data\Train\Skirts\e5e36eee-ed55-4e98-8851-f4407331cc50___data\Train_1-1-wrp05-monil-exclusives-38-original-imaeaze7wemhg7sz.jpeg
Skirts	C:\repos\Curso ML\Clasificacion_imagenes\data\Train\Skirts\ea50b5fd-541f-48a0-8db7-18e488d4611c___data\Train_28-ea3096-eavan-original-imaf2q59zz67zttb.jpeg
Skirts	C:\repos\Curso ML\Clasificacion_imagenes\data\Train\Skirts\ec4c99f6-def6-415c-a415-1d64b0c7c7e5___data\Train_free-skirt2-cotson-original-imaf4ed9hfggqths.jpeg
Skirts	C:\repos\Curso ML\Clasificacion_imagenes\data\Train\Skirts\f1de52ad-e4fb-4058-be8a-8c417b6e7791___data\Train_dl3208-decot-paradise-free-original-imaenr8farngveuu.jpeg
Skirts	C:\repos\Curso ML\Clasificacion_imagenes\data\Train\Skirts\f554021f-0112-46e5-a1ad-7f4268fa19b1___data\Train_free-sk-2109-silver-organisation-original-imaf3gwefh4steqf.jpeg
Skirts	C:\repos\Curso ML\Clasificacion_imagenes\data\Train\Skirts\fce794dc-d69e-4223-b21d-abf8ded1bb12___data\Train_carrel-sk-1039-lightred-carrel-free-original-imaefgpzeyegpgsp.jpeg
sunglasses	C:\repos\Curso ML\Clasificacion_imagenes\data\Train\sunglasses\006f49cf-a254-4ba1-b073-7ffb81374bf5___data\Train_p089bk1-this-product-is-sold-as-free-size-by-the-brand-fastrack-original-imaex8jggbyhebhy.jpeg
sunglasses	C:\repos\Curso ML\Clasificacion_imagenes\data\Train\sunglasses\04388f30-9b36-4076-a8f3-8428084852ca___data\Train_small-p357bk1-fastrack-original-imaey4ubgfzxzj6f.jpeg
sunglasses	C:\repos\Curso ML\Clasificacion_imagenes\data\Train\sunglasses\06823417-3aae-49a3-bb6e-fceaf4b8be0d___data\Train_m-fa-903-c21-farenheit-original-imaf5ypj6kzpe2ve.jpeg
sunglasses	C:\repos\Curso ML\Clasificacion_imagenes\data\Train\sunglasses\06d2aa69-5372-4b0b-a555-2efadba9b17a___data\Train_free-size-ms17sg034-metronaut-original-imaexw44xahskhhy.jpeg
sunglasses	C:\repos\Curso ML\Clasificacion_imagenes\data\Train\sunglasses\094a5211-3798-4170-a27a-e597580aca54___data\Train_55-0rb4286601-7155-ray-ban-original-imaey4q3gwcdzvwj.jpeg
sunglasses	C:\repos\Curso ML\Clasificacion_imagenes\data\Train\sunglasses\0964f403-e2ff-4f96-9e09-72498b949a25___data\Train_sun-g0001-younky-free-size-original-imaejay59nqehzzz.jpeg
sunglasses	C:\repos\Curso ML\Clasificacion_imagenes\data\Train\sunglasses\14a03a6c-1cc8-43e6-859c-24422ffeb844___data\Train_free-size-002-aoking-original-imaew25ghwfzhnuf.jpeg
sunglasses	C:\repos\Curso ML\Clasificacion_imagenes\data\Train\sunglasses\17f73bb5-e929-4c3d-a1f3-4e35b3546ffc___data\Train_p089gr3-fastrack-free-size-original-imae5yz8fygfab29.jpeg
sunglasses	C:\repos\Curso ML\Clasificacion_imagenes\data\Train\sunglasses\1b506faf-40b7-44d9-9689-06544a358b4b___data\Train_free-size-ms17sg036-metronaut-original-imaexw44kumgrgb3.jpeg
sunglasses	C:\repos\Curso ML\Clasificacion_imagenes\data\Train\sunglasses\23ac291b-b889-4dd3-b328-1140e6777074___data\Train_as-1005-51-blcl838-60-aislin-original-imaez8ffk8tkmqzp.jpeg
sunglasses	C:\repos\Curso ML\Clasificacion_imagenes\data\Train\sunglasses\2669873d-f597-45e8-a3a8-c0046a72beda___data\Train_m062bk1-fastrack-free-size-original-imadr759w5guxfvf.jpeg
sunglasses	C:\repos\Curso ML\Clasificacion_imagenes\data\Train\sunglasses\2b3908bc-78cf-4d23-abe9-0bd0060785d0___data\Train_free-size-g202ctfl9c-titan-original-imaexwzh77rewqyk.jpeg
sunglasses	C:\repos\Curso ML\Clasificacion_imagenes\data\Train\sunglasses\2c710c82-a4d7-4873-8533-6e6e9fa0cacd___data\Train_one-size-fits-all-p357br6p-fastrack-original-imaey5twmntthzcy.jpeg
sunglasses	C:\repos\Curso ML\Clasificacion_imagenes\data\Train\sunglasses\2dc1ddec-216f-46b7-b84c-8933ac5ee203___data\Train_m-irz-01311-irayz-original-imaf28npybnrwrar.jpeg
sunglasses	C:\repos\Curso ML\Clasificacion_imagenes\data\Train\sunglasses\34a0eff4-c9e5-48bd-a80e-4e4dc197bdd7___data\Train_one-size-fits-all-panto-new-black-clear775gub-azmani-original-imaevh2wmjynbexy.jpeg
sunglasses	C:\repos\Curso ML\Clasificacion_imagenes\data\Train\sunglasses\34f24bff-811a-4bbd-a6e3-00d13ba43a1c___data\Train_ea-a-g03-medium-risist-original-imaeyyutrgggkjyq.jpeg
sunglasses	C:\repos\Curso ML\Clasificacion_imagenes\data\Train\sunglasses\3676742b-3575-46a5-9bed-1c1309dec599___data\Train_free-size-p355bk2-fastrack-original-imaeyygnkagja8dp.jpeg
sunglasses	C:\repos\Curso ML\Clasificacion_imagenes\data\Train\sunglasses\390328d3-f569-49f5-aa1d-f0d9bb30ce5f___data\Train_one-size-fits-all-p376bk5-fastrack-original-imaexh3mku3skee6.jpeg
sunglasses	C:\repos\Curso ML\Clasificacion_imagenes\data\Train\sunglasses\41c4a40e-a106-456d-a920-21e567ad314c___data\Train_stylish-arc-uv400-m-criba-original-imaez5ezy8vjgcts.jpeg
sunglasses	C:\repos\Curso ML\Clasificacion_imagenes\data\Train\sunglasses\43296f37-a241-4890-a298-b115a8e7527e___data\Train_m-fa-b80-51-gun-grey-farenheit-original-imaf52vggjrggmem.jpeg
sunglasses	C:\repos\Curso ML\Clasificacion_imagenes\data\Train\sunglasses\4cc0d3a1-790f-417f-aa3f-af9259ec006b___data\Train_free-size-p357bk1-fastrack-original-imaesxqcdzc2jvjv.jpeg
sunglasses	C:\repos\Curso ML\Clasificacion_imagenes\data\Train\sunglasses\4f648fbe-b5b7-4c70-a609-0366189a771a___data\Train_55-carrera-5002-sp-i6v-553r-carrera-original-imaexxh4hgnmwvzm.jpeg
sunglasses	C:\repos\Curso ML\Clasificacion_imagenes\data\Train\sunglasses\51c3dc6a-1ea8-4116-a07b-99cbba499d6a___data\Train_m-wy202-silver-kartz-original-imaexthmgjtqdxuk.jpeg
sunglasses	C:\repos\Curso ML\Clasificacion_imagenes\data\Train\sunglasses\5c6e5189-38a5-4c16-843e-284582689c9a___data\Train_aviator-m-cruze-original-imaeua3mnm2vzyzf.jpeg
sunglasses	C:\repos\Curso ML\Clasificacion_imagenes\data\Train\sunglasses\5cb185ff-c6c2-4c59-bbe6-eb62630681e9___data\Train_as-1005-51-blcl837-60-aislin-original-imaez6sjteedckh5.jpeg
sunglasses	C:\repos\Curso ML\Clasificacion_imagenes\data\Train\sunglasses\679aef45-01ac-4275-929a-b6e43a70623c___data\Train_p089br2-fastrack-free-size-original-imadzhjfubaswmf3.jpeg
sunglasses	C:\repos\Curso ML\Clasificacion_imagenes\data\Train\sunglasses\6b70c458-da55-40c0-acf2-ea38dc61f7d9___data\Train_medium-wf-23-golden-blue-poloport-original-imaffb9zgran7hed.jpeg
sunglasses	C:\repos\Curso ML\Clasificacion_imagenes\data\Train\sunglasses\6bbd4702-35ee-4265-a64c-681f95859575___data\Train_selfie-frame-for-any-age-0-1-blutech-original-imaezgmqymmyzz9v.jpeg
sunglasses	C:\repos\Curso ML\Clasificacion_imagenes\data\Train\sunglasses\7ed1ec37-3ff1-42a6-9df7-85a791da8b3a___data\Train_free-size-ms17sg032-metronaut-original-imaexw44hnnjdcph.jpeg
sunglasses	C:\repos\Curso ML\Clasificacion_imagenes\data\Train\sunglasses\8898b50e-be32-49f3-aada-a2ca94297539___data\Train_free-size-p352bk3-fastrack-original-imaey5twyrfgzdwe.jpeg
sunglasses	C:\repos\Curso ML\Clasificacion_imagenes\data\Train\sunglasses\8b6a8060-d2d9-45f1-b483-9443fe8c2b52___data\Train_g-56565632-free-kuki-original-imaf3dkkz5g4ufa7.jpeg
sunglasses	C:\repos\Curso ML\Clasificacion_imagenes\data\Train\sunglasses\921091ff-dad6-4a6e-a2c3-086405d76f97___data\Train_re-gw-dn-m-resist-original-imaexfxmbezzefhu.jpeg
sunglasses	C:\repos\Curso ML\Clasificacion_imagenes\data\Train\sunglasses\93798b5b-2d58-4c36-bdd8-291e7ce20651___data\Train_m-ds659-a-k-daller-fashion-original-imaf3zr3zshetgvy.jpeg
sunglasses	C:\repos\Curso ML\Clasificacion_imagenes\data\Train\sunglasses\98433696-5468-478a-af34-8710b65a9e68___data\Train_m-re-av-ga-bf-dn-resist-original-imafyuc9yzkqqp6x.jpeg
sunglasses	C:\repos\Curso ML\Clasificacion_imagenes\data\Train\sunglasses\9953b925-5a54-45f1-84b7-ef19efb9367a___data\Train_52-unisex-nw-2979-15-gry355-nuvew-original-imaeysdhrfug49fu.jpeg
sunglasses	C:\repos\Curso ML\Clasificacion_imagenes\data\Train\sunglasses\a16bfb33-11d6-4de5-8e2f-e1ccde43deba___data\Train_luxury-clubmaster-style-silver-kartz-m-original-imaehqwqxxgzgmdr.jpeg
sunglasses	C:\repos\Curso ML\Clasificacion_imagenes\data\Train\sunglasses\a5c20a8d-f8d9-4a76-a61c-54c7467df8f0___data\Train_one-size-fits-all-p357bk5p-fastrack-original-imaey5twhhz4wsc8.jpeg
sunglasses	C:\repos\Curso ML\Clasificacion_imagenes\data\Train\sunglasses\a6041dfb-fdf7-4367-94fe-bd5da43e1cc7___data\Train_one-size-fits-all-re-superb-r03-resist-original-imaf4a6qhafx3qrd.jpeg
sunglasses	C:\repos\Curso ML\Clasificacion_imagenes\data\Train\sunglasses\a67526b4-a1b9-4410-909e-9f7d8cd906d3___data\Train_uv400-stylish-f-aligatorr-original-imaeupmzghrnqvdh.jpeg
sunglasses	C:\repos\Curso ML\Clasificacion_imagenes\data\Train\sunglasses\b996e4c5-2ab2-409b-8470-42bea6bbedb2___data\Train_61-carrera-89-s-8er-61h0-carrera-original-imaexrcxbvh8ufwp.jpeg
sunglasses	C:\repos\Curso ML\Clasificacion_imagenes\data\Train\sunglasses\bab0908b-b350-457d-9584-db7706e45649___data\Train_a1g-1276-irayz-m-original-imaeh5xyj5cfge4f.jpeg
sunglasses	C:\repos\Curso ML\Clasificacion_imagenes\data\Train\sunglasses\bc315479-a979-4c1f-944d-e288a09684fa___data\Train_p153br1f-free-size-fastrack-original-imaevjanxfyaxqme.jpeg
sunglasses	C:\repos\Curso ML\Clasificacion_imagenes\data\Train\sunglasses\bd74a4c9-64f1-4ac2-a715-c4dba083d4aa___data\Train_56-unisex-nw-2448-14-lfgrbl203-nuvew-original-imaeshyyxdhz34b4.jpeg
sunglasses	C:\repos\Curso ML\Clasificacion_imagenes\data\Train\sunglasses\bfc4bf6a-f5f4-4842-8570-03b2ab571477___data\Train_round-golden-1253-one-size-fits-all-hipe-original-imaewu2mvqzwvqag.jpeg
sunglasses	C:\repos\Curso ML\Clasificacion_imagenes\data\Train\sunglasses\c236bf81-e265-4f43-9ae2-321883bb0475___data\Train_free-size-ms17sg052-metronaut-original-imaexw44ymypj4jz.jpeg
sunglasses	C:\repos\Curso ML\Clasificacion_imagenes\data\Train\sunglasses\c33f8e57-afe7-4e5b-be6d-123cdc101a9a___data\Train_46-dound-2179-frame-azmani-original-imaex4zhwtjgguuk.jpeg
sunglasses	C:\repos\Curso ML\Clasificacion_imagenes\data\Train\sunglasses\c3f4b8e7-c834-4f0b-b136-e65c56813e9f___data\Train_m171bk1-free-size-fastrack-original-imaeubxbdvexpyw4.jpeg
sunglasses	C:\repos\Curso ML\Clasificacion_imagenes\data\Train\sunglasses\c7e3fa86-8dcb-4070-8295-09e9cccb676f___data\Train_free-size-011-aoking-original-imaeybg7dsexee9e.jpeg
sunglasses	C:\repos\Curso ML\Clasificacion_imagenes\data\Train\sunglasses\cae7f52b-7428-44ae-bd95-695c9f9a66d1___data\Train_irz-1137-40-sf-m-irayz-original-imaeajy4zhv2gxzg.jpeg
sunglasses	C:\repos\Curso ML\Clasificacion_imagenes\data\Train\sunglasses\cedaf88f-64fe-455f-a6d2-82dcc306780d___data\Train_m-fa-2340p-c3-farenheit-original-imaexh29pwqmprv4.jpeg
sunglasses	C:\repos\Curso ML\Clasificacion_imagenes\data\Train\sunglasses\d6783523-367e-44ff-ae5c-b1bab89e8cb4___data\Train_av-gf-s02-medium-risist-original-imaexbskecnh7gyh.jpeg
sunglasses	C:\repos\Curso ML\Clasificacion_imagenes\data\Train\sunglasses\d845c452-76db-43f2-8362-2295deb521e5___data\Train_one-size-fits-to-all-wff7006-a-poloport-original-imaeu96arhzbvfbr.jpeg
sunglasses	C:\repos\Curso ML\Clasificacion_imagenes\data\Train\sunglasses\f5c7c99c-f53d-41dc-aa30-7c34bd4479b1___data\Train_pv1001-blk-blk-m-provogue-original-imaeusnuwup7pvf7.jpeg
sunglasses	C:\repos\Curso ML\Clasificacion_imagenes\data\Train\sunglasses\f77b1e07-848f-4099-a79a-d59184700995___data\Train_p223gr1-fastrack-free-size-original-imadzhguvs3whbba.jpeg
sunglasses	C:\repos\Curso ML\Clasificacion_imagenes\data\Train\sunglasses\f784ba1e-707b-4b79-b861-e21caff3d7a9___data\Train_59-fos-3010-s-r80-59zp-fossil-original-imaf27thfbja3epc.jpeg
sunglasses	C:\repos\Curso ML\Clasificacion_imagenes\data\Train\sunglasses\f8c1b453-c7c4-453e-918b-ddbae1b6e65a___data\Train_p222gr1-fastrack-free-size-original-imadzhjyszxgzbth.jpeg
Tops	C:\repos\Curso ML\Clasificacion_imagenes\data\Train\Tops\02a5ba93-0871-41d4-bf08-a682140e2205___data\Train_l-tandul-9374-tandul-original-imaf4fajntz9uhzh.jpeg
Tops	C:\repos\Curso ML\Clasificacion_imagenes\data\Train\Tops\053a8eb2-1a49-4498-8662-1a2bec1f0c2b___data\Train_vv1140pnk1195chcolt-vvoguish-xl-original-imaeg47s2dsvyayh.jpeg
Tops	C:\repos\Curso ML\Clasificacion_imagenes\data\Train\Tops\0aa43e17-4e08-4d60-962e-f0a9d2f9eaf0___data\Train_m-1971-buynewtrend-original-imaf4yf2r5vztg3t.jpeg
Tops	C:\repos\Curso ML\Clasificacion_imagenes\data\Train\Tops\0b13e0e2-9b6e-4a50-9d93-c8334654c759___data\Train_1-1-gr2667maroon-harpa-l-original-imae89c2bqfbp5yt.jpeg
Tops	C:\repos\Curso ML\Clasificacion_imagenes\data\Train\Tops\15db8950-d41e-4c96-9dcb-c56921827806___data\Train_m-darzi-5609-darzi-original-imaf3s7hnp3mmbgy.jpeg
Tops	C:\repos\Curso ML\Clasificacion_imagenes\data\Train\Tops\1b2f3073-9ee9-43bc-9775-c695146aed28___data\Train_s-as18s002-white-provogue-original-imaf5bd4sbm4hfya.jpeg
Tops	C:\repos\Curso ML\Clasificacion_imagenes\data\Train\Tops\1ca85ee3-bfff-4fce-bec8-32582530a4b5___data\Train_s-ind-pb9364-s-ishin-original-imaezts3qfrcgysx.jpeg
Tops	C:\repos\Curso ML\Clasificacion_imagenes\data\Train\Tops\1f58cbec-4f67-4399-abdc-48e212b15a05___data\Train_sss16mel-rnqs-w-pln-ma-campus-sutra-m-original-imaentfcdxhsard9.jpeg
Tops	C:\repos\Curso ML\Clasificacion_imagenes\data\Train\Tops\2b26172c-c4c3-402e-a4da-23a668d27679___data\Train_s-l2015814hd12orange-lee-original-imaetckgycby7zn4.jpeg
Tops	C:\repos\Curso ML\Clasificacion_imagenes\data\Train\Tops\2f0e611f-bdb8-4cff-a9fa-4db2911576a8___data\Train_vv60201rblu1135blkrd-vvoguish-l-original-imaeghbedhhfddrb.jpeg
Tops	C:\repos\Curso ML\Clasificacion_imagenes\data\Train\Tops\30180da9-2eea-4c41-bb9c-24c0c0b9ed03___data\Train_xl-light-chinease-full-shirt-trendyfrog-original-imaeusajtyeqpwsh.jpeg
Tops	C:\repos\Curso ML\Clasificacion_imagenes\data\Train\Tops\38503740-2227-4200-a082-0e335e4bd7ba___data\Train_m-cb-top-204-black-red-srw-original-imaf2nfrf4dcyjgs.jpeg
Tops	C:\repos\Curso ML\Clasificacion_imagenes\data\Train\Tops\3ecb4e2c-080d-43a4-9cd7-e1c72a6b472b___data\Train_1535-0110-redlv-jockey-s-original-imaekkz73nycqjqz.jpeg
Tops	C:\repos\Curso ML\Clasificacion_imagenes\data\Train\Tops\41ed412c-91dc-44ad-9e31-b099c9705fcb___data\Train_s-tttp001992-black-tokyo-talkies-original-imaff8yh2ehumqqp.jpeg
Tops	C:\repos\Curso ML\Clasificacion_imagenes\data\Train\Tops\45d55b05-b2bb-4a2f-8653-5019b8431f21___data\Train_xxl-kotytop42-kotty-original-imaexbvc2fcktuvf.jpeg
Tops	C:\repos\Curso ML\Clasificacion_imagenes\data\Train\Tops\49d0c696-df8a-4f3a-96a8-63bcff51829c___data\Train_1467-0110-purgl-jockey-s-original-imaekkz7jubmjwzd.jpeg
Tops	C:\repos\Curso ML\Clasificacion_imagenes\data\Train\Tops\4bb8fd9d-8d52-46c7-aa2a-9c18af10aed6___data\Train_xxl-top-4437-jolliy-original-imaekasxahykhd3t.jpeg
Tops	C:\repos\Curso ML\Clasificacion_imagenes\data\Train\Tops\4c13b3c3-c813-4c00-8c72-f478bfed422d___data\Train_l-mw87green-metronaut-original-imaf3jbdwkawngcf.jpeg
Tops	C:\repos\Curso ML\Clasificacion_imagenes\data\Train\Tops\4e53c758-29ba-4d9f-97b0-354539306a82___data\Train_m-ep1602-pink-rare-original-imaeqct5fbzghe4q.jpeg
Tops	C:\repos\Curso ML\Clasificacion_imagenes\data\Train\Tops\5014e2dd-b678-4f32-b786-b94355a1959c___data\Train_l-ac0001rrc-thefashionexpert-original-imaeuw65gpxxhyaz.jpeg
Tops	C:\repos\Curso ML\Clasificacion_imagenes\data\Train\Tops\50eccb59-8a9c-4b26-a922-9af518a0f679___data\Train_s-14054-14-u-f-original-imaeueamuw97jjub.jpeg
Tops	C:\repos\Curso ML\Clasificacion_imagenes\data\Train\Tops\5891cb16-e1ea-4d9b-a1de-e88432f7053d___data\Train_s-52152-0001white-levi-s-original-imaf2gajnqz9zecz.jpeg
Tops	C:\repos\Curso ML\Clasificacion_imagenes\data\Train\Tops\5d748756-8c62-411b-8bc8-d4944bb2a6d3___data\Train_l-slpwomenjkt-05-stop-look-original-imafffs6gmzhfz4p.jpeg
Tops	C:\repos\Curso ML\Clasificacion_imagenes\data\Train\Tops\690fa81b-429d-45bd-b088-494a8185c604___data\Train_l-aan055navyblue-aania-original-imaeumy3kzm28czf.jpeg
Tops	C:\repos\Curso ML\Clasificacion_imagenes\data\Train\Tops\6b3cfcad-8005-41a5-a2fd-d71e32f3b661___data\Train_xl-ep2100-rare-original-imaeuwyqhmrq2zbk.jpeg
Tops	C:\repos\Curso ML\Clasificacion_imagenes\data\Train\Tops\6f780052-8f44-4bba-af37-2d933c8c5e3c___data\Train_gr3158-green-harpa-xl-original-imaedp3brqcvezmg.jpeg
Tops	C:\repos\Curso ML\Clasificacion_imagenes\data\Train\Tops\732603c2-20da-4e32-b174-ddca2a5f3cbb___data\Train_1-1-gr2619coral-harpa-m-original-imae89cfyjdenvea.jpeg
Tops	C:\repos\Curso ML\Clasificacion_imagenes\data\Train\Tops\74529fcd-30fa-4305-b94a-65b624c14c0a___data\Train_m-305-trendyfrog-original-imaffd86btmgvsng.jpeg
Tops	C:\repos\Curso ML\Clasificacion_imagenes\data\Train\Tops\795ddd59-bb4c-470b-bd7f-157bec26137b___data\Train_m-wtop-34u-tweety-sblue-young-trendz-original-imaex88k3gmvjv6v.jpeg
Tops	C:\repos\Curso ML\Clasificacion_imagenes\data\Train\Tops\7cb0dd0c-bc5d-43b1-afb7-32c59fbdc493___data\Train_s-tdc20491-the-dressery-original-imaetkygnxe3pw3g.jpeg
Tops	C:\repos\Curso ML\Clasificacion_imagenes\data\Train\Tops\7d4e748e-8933-44c5-96f4-9d8f2d58268f___data\Train_spj1jamaicap-heart-2-heart-xl-original-imaek5cq7twqzv3m.jpeg
Tops	C:\repos\Curso ML\Clasificacion_imagenes\data\Train\Tops\850e2b41-c84f-41ab-a521-e85c0fe6c230___data\Train_s-16au32538-651148-w-original-imaffh5zzvvgtgy3.jpeg
Tops	C:\repos\Curso ML\Clasificacion_imagenes\data\Train\Tops\902f0b30-b373-4bca-80db-349c013605a6___data\Train_1-1-t0012-chimpaaanzee-l-original-imae9xm8bbjhzkqs.jpeg
Tops	C:\repos\Curso ML\Clasificacion_imagenes\data\Train\Tops\93505f7d-e08d-4da8-bd33-1f7d6e6e246b___data\Train_l-2de-ltop-161-2-day-original-imaf52xvtgdvzbfz.jpeg
Tops	C:\repos\Curso ML\Clasificacion_imagenes\data\Train\Tops\94542eeb-e889-4304-917d-0f356bad9569___data\Train_m-gr5128-green-harpa-original-imaf3fczdu6gpsqc.jpeg
Tops	C:\repos\Curso ML\Clasificacion_imagenes\data\Train\Tops\99dc698d-7192-45b2-934f-4d6d57c95b7e___data\Train_m-3105-the-dry-state-original-imaexrpwgwwtkgwp.jpeg
Tops	C:\repos\Curso ML\Clasificacion_imagenes\data\Train\Tops\9c03073c-c1c2-4c19-950d-db847cbe1889___data\Train_s-mtro18-rn-hs-pink-white-revolutionpink-white-metronaut-original-imaf49ua3vq5fg39.jpeg
Tops	C:\repos\Curso ML\Clasificacion_imagenes\data\Train\Tops\a23e023d-ec29-452e-8779-edbacf6b3703___data\Train_m-rk07lilanskyblue1tasal-jolliy-original-imaezgzzcv2cpnbh.jpeg
Tops	C:\repos\Curso ML\Clasificacion_imagenes\data\Train\Tops\a8b9fcb5-fcee-47a4-95df-cabe91096ee0___data\Train_m-1874-buynewtrend-original-imaf3kj5vsseeugt.jpeg
Tops	C:\repos\Curso ML\Clasificacion_imagenes\data\Train\Tops\aa562b5e-9f3f-4ea3-9281-ad944455acd0___data\Train_m-darzi-2411-darzi-original-imaexpcytma7syay.jpeg
Tops	C:\repos\Curso ML\Clasificacion_imagenes\data\Train\Tops\ab2691ad-0675-4dee-9c2a-4b53447c567b___data\Train_s-17a3096e9423imulticolor-united-colors-of-benetton-original-imaffrxddxemuwwf.jpeg
Tops	C:\repos\Curso ML\Clasificacion_imagenes\data\Train\Tops\ab4b5f3d-e24d-4991-861f-52ea04b0a798___data\Train_l-tandul-5408-tandul-original-imaf3cge2hfeyrsv.jpeg
Tops	C:\repos\Curso ML\Clasificacion_imagenes\data\Train\Tops\b4b64d89-b0b7-466f-83dc-5988e055a389___data\Train_m-wtfscom2-so-sweety-original-imaf5dqzessnhdhv.jpeg
Tops	C:\repos\Curso ML\Clasificacion_imagenes\data\Train\Tops\c3e95b57-24f1-4acf-b63f-41822eb02611___data\Train_m-rk07lilanred1tasal-jolliy-original-imaez65hgszvzvfx.jpeg
Tops	C:\repos\Curso ML\Clasificacion_imagenes\data\Train\Tops\ca6a829b-5585-4d47-b5b3-ffa3128633ee___data\Train_l-rh135tuyl-yellow-hive91-original-imaf52g28x8dgfc2.jpeg
Tops	C:\repos\Curso ML\Clasificacion_imagenes\data\Train\Tops\cb7865b1-8d46-458b-a421-d72691f059bb___data\Train_s-w285553gm114jsw-ecru-wrangler-original-imaf4tgdnxj3duwh.jpeg
Tops	C:\repos\Curso ML\Clasificacion_imagenes\data\Train\Tops\cdeaf90a-bfc0-4b4a-a73f-affe720a5bc6___data\Train_xl-8002b-av2-original-imaeyyuyfrpbbvn5.jpeg
Tops	C:\repos\Curso ML\Clasificacion_imagenes\data\Train\Tops\cf28cb0d-0816-4944-a29a-ef0e5455604f___data\Train_xl-5102navybluegerogette-krapal-original-imaf4ssfdzad5ttn.jpeg
Tops	C:\repos\Curso ML\Clasificacion_imagenes\data\Train\Tops\d14d1098-a9fe-40a7-8a2f-870e6f68e2ce___data\Train_m-mtss18swt60-09-17grey-metronaut-original-imaf55f7th6fuphv.jpeg
Tops	C:\repos\Curso ML\Clasificacion_imagenes\data\Train\Tops\d3a55703-0f51-4c0f-8f8a-711813568015___data\Train_s-108a-ladybird-original-imaespfmwx6cckm7.jpeg
Tops	C:\repos\Curso ML\Clasificacion_imagenes\data\Train\Tops\d5a566b3-a15b-4826-aeca-8084046ef661___data\Train_1-1-gr2602orange-harpa-l-original-imae89cfsxm34grr.jpeg
Tops	C:\repos\Curso ML\Clasificacion_imagenes\data\Train\Tops\d8cb3635-612b-4825-b9a8-d47c15e15e93___data\Train_1-1-gr2394mustard-harpa-l-original-imae89cgvwagytpk.jpeg
Tops	C:\repos\Curso ML\Clasificacion_imagenes\data\Train\Tops\e7230a8b-1506-4b12-b825-e2110edb646f___data\Train_14054-11-u-f-m-original-imaefmz73rqjefy7.jpeg
Tops	C:\repos\Curso ML\Clasificacion_imagenes\data\Train\Tops\e9b1c09a-8f50-48a6-bddf-842a9b8f5d45___data\Train_30-wskr010-1013-rigo-original-imaevaj9zjz6ybse.jpeg
Tops	C:\repos\Curso ML\Clasificacion_imagenes\data\Train\Tops\ec339ad6-6b73-406a-8971-f7ea35d47577___data\Train_s-top-203-red-srw-original-imaf2nfrxdzvhh3k.jpeg
Tops	C:\repos\Curso ML\Clasificacion_imagenes\data\Train\Tops\edb5e7cd-7819-4c45-89ec-f7c06bf292cc___data\Train_xs-ul02-001wt-jockey-original-imaf3rzj6cgv25hf.jpeg
Tops	C:\repos\Curso ML\Clasificacion_imagenes\data\Train\Tops\f0304920-ee47-488d-8a44-f804edef6f71___data\Train_m-16214-9-u-f-original-imafymhxzrg2pu89.jpeg
Tops	C:\repos\Curso ML\Clasificacion_imagenes\data\Train\Tops\f99762bd-07dd-4dd3-99d3-2d9d8fc4cb7e___data\Train_s-18p3ct2e1460i903-united-colors-of-benetton-original-imaf5f5petfzcayd.jpeg
Tops	C:\repos\Curso ML\Clasificacion_imagenes\data\Train\Tops\fe0adfbc-ae70-4271-ac14-301d6a0b5d44___data\Train_xs-as18t027-multicolor-provogue-original-imaf35pmsgh5ggnf.jpeg
Trousers	C:\repos\Curso ML\Clasificacion_imagenes\data\Train\Trousers\00a3b9cb-5fda-4fd3-bdc8-f6d044cec8b8___data\Train_32-argt0804lt-grey-arrow-sport-original-imaf276wnwzzfqtr.jpeg
Trousers	C:\repos\Curso ML\Clasificacion_imagenes\data\Train\Trousers\056f5514-72ff-4f78-ad0d-f4d678584a99___data\Train_32-hljn000549-black-highlander-original-imaf5g63qhhauhnh.jpeg
Trousers	C:\repos\Curso ML\Clasificacion_imagenes\data\Train\Trousers\086eb430-6d1e-4fb4-b6b9-903d6dfd1cef___data\Train_38-jog-iceblue-urbano-fashion-original-imaf5bzbhcgbqfub.jpeg
Trousers	C:\repos\Curso ML\Clasificacion_imagenes\data\Train\Trousers\1a3ed9a7-9c9e-46b8-8005-983221fa15a9___data\Train_81iqe2BD0qSL._SY220_.jpg.jpeg
Trousers	C:\repos\Curso ML\Clasificacion_imagenes\data\Train\Trousers\2fd559c0-9fe5-4f4e-8acf-2c37270b09a7___data\Train_5015162mctn1421nvy-uber-urban-40-original-imae3jgkfyesmpvc.jpeg
Trousers	C:\repos\Curso ML\Clasificacion_imagenes\data\Train\Trousers\32540394-4aa9-4d4c-b93e-a3f1ef820cae___data\Train_41y8WJpHigL._SX170_.jpg.jpeg
Trousers	C:\repos\Curso ML\Clasificacion_imagenes\data\Train\Trousers\34ee6c87-a390-41be-b64c-b446f11dfeb4___data\Train_32-hltr003959china-blue-highlander-original-imaf54zcmjfqtqhg.jpeg
Trousers	C:\repos\Curso ML\Clasificacion_imagenes\data\Train\Trousers\3a213d09-71c2-4021-b2fd-ef5638400411___data\Train_31MWOi1a9HL._AC_SS200_.jpg.jpeg
Trousers	C:\repos\Curso ML\Clasificacion_imagenes\data\Train\Trousers\3db81f37-eede-40cb-a717-1bffe6c35205___data\Train_61ugG6323wL._SY220_.jpg.jpeg
Trousers	C:\repos\Curso ML\Clasificacion_imagenes\data\Train\Trousers\40440c26-cd3b-48ba-8861-91a289dd223d___data\Train_32-jcmwtra170044charcoal-gray-john-players-original-imaeyfs9wgfx4xfv.jpeg
Trousers	C:\repos\Curso ML\Clasificacion_imagenes\data\Train\Trousers\4212edc3-4a4f-41d4-b667-298db78faf2b___data\Train_41F6kLZyn8L._AC_UL501_SR385501_QL65_.jpg.jpeg
Trousers	C:\repos\Curso ML\Clasificacion_imagenes\data\Train\Trousers\48085d12-703f-4f9b-ab6b-7638caf63b31___data\Train_81pQ7FuD6tL._SY220_.jpg.jpeg
Trousers	C:\repos\Curso ML\Clasificacion_imagenes\data\Train\Trousers\4ab47a2f-4977-494f-bce4-fea04af4b388___data\Train_41E7PA5lJGL._AC_UL260_SR200260_.jpg.jpeg
Trousers	C:\repos\Curso ML\Clasificacion_imagenes\data\Train\Trousers\52c59fbb-a172-44af-835c-3b0f946da036___data\Train_32-jfmwtra170008frost-gray-john-players-original-imaffrxbmu5bks9g.jpeg
Trousers	C:\repos\Curso ML\Clasificacion_imagenes\data\Train\Trousers\541ddbd7-608a-4bff-b2bf-ee03953b52e3___data\Train_41HYI-SRGmL._AC_SS200_.jpg.jpeg
Trousers	C:\repos\Curso ML\Clasificacion_imagenes\data\Train\Trousers\587fd74c-3f56-405f-abb0-32eae191e3af___data\Train_32-jfmwtrs1600071a2-john-players-original-imaewgq32sfg5wfj.jpeg
Trousers	C:\repos\Curso ML\Clasificacion_imagenes\data\Train\Trousers\58ab7ba9-f6dc-451e-bc0b-2a776d9cdc7d___data\Train_32-xmta02279-k8black-parx-original-imaf4vt33jyqeh3h.jpeg
Trousers	C:\repos\Curso ML\Clasificacion_imagenes\data\Train\Trousers\5bbac8a2-dbe5-4a57-9526-a1a45babe5d7___data\Train_32-57764-0002brown-levi-s-original-imaf5ba4bfccajzu.jpeg
Trousers	C:\repos\Curso ML\Clasificacion_imagenes\data\Train\Trousers\5f2b7401-8f9f-450c-91fa-af925475b01c___data\Train_31UvBz7apuL._AC_UL260_SR200260_.jpg.jpeg
Trousers	C:\repos\Curso ML\Clasificacion_imagenes\data\Train\Trousers\614f2fd1-dfa9-45dc-82e2-752f8a2f7b24___data\Train_32-hltr003936-mid-olive-highlander-original-imaf4p4sn4zyxpwz.jpeg
Trousers	C:\repos\Curso ML\Clasificacion_imagenes\data\Train\Trousers\64d64a9c-ab6f-47aa-b756-f35b04262f3a___data\Train_36-mj-jogger-2-rock-hudson-original-imaf42fpzhsrwv5j.jpeg
Trousers	C:\repos\Curso ML\Clasificacion_imagenes\data\Train\Trousers\675c7655-9eae-4960-a14f-cacf4227c213___data\Train_32-l32181248smumoss-green-lee-original-imaf4huvaa53awkv.jpeg
Trousers	C:\repos\Curso ML\Clasificacion_imagenes\data\Train\Trousers\79b7a8d4-563d-48cc-9e88-dbde080e071e___data\Train_61vVH5WQ2BHL._SX170_.jpg.jpeg
Trousers	C:\repos\Curso ML\Clasificacion_imagenes\data\Train\Trousers\832c0b70-ec85-40ce-91db-5682176a573e___data\Train_32-jfmwtra170013jet-black-john-players-original-imaeyfs9cj4yyc5c.jpeg
Trousers	C:\repos\Curso ML\Clasificacion_imagenes\data\Train\Trousers\84499a31-897e-4f77-a71c-3a0c450ab6a6___data\Train_32-nl-s-emmett-black-blackberrys-original-imaf4tgg2ayvzjjv.jpeg
Trousers	C:\repos\Curso ML\Clasificacion_imagenes\data\Train\Trousers\85df3cd2-70f8-4b69-ad0f-4738035ec78f___data\Train_32-ustr6564deep-navy-u-s-polo-assn-original-imaf2vp7hxmfunft.jpeg
Trousers	C:\repos\Curso ML\Clasificacion_imagenes\data\Train\Trousers\8604c95e-5e7c-42cc-b772-e3ce29189ec4___data\Train_30-mj-cross-01-03-03-xee-original-imaeut22cnzn5sha.jpeg
Trousers	C:\repos\Curso ML\Clasificacion_imagenes\data\Train\Trousers\87376b34-e551-4828-b5cc-88a3803b383f___data\Train_randier-md-blue-randier-38-original-imaedf4utpnsrxgg.jpeg
Trousers	C:\repos\Curso ML\Clasificacion_imagenes\data\Train\Trousers\895b29cf-1cb7-49fc-a275-8c447567c50b___data\Train_32-jcmwtrs170021beige-john-players-original-imaeskttpnytqbgg.jpeg
Trousers	C:\repos\Curso ML\Clasificacion_imagenes\data\Train\Trousers\93f9eb10-47ee-4a1e-aacc-d3ca1581d322___data\Train_41NKk16rcHL._AC_SS200_.jpg.jpeg
Trousers	C:\repos\Curso ML\Clasificacion_imagenes\data\Train\Trousers\988f871b-27e8-46be-83fd-51857f592317___data\Train_36-scmccpts-001-seven-crore-original-imaf3sfe8ntufzq9.jpeg
Trousers	C:\repos\Curso ML\Clasificacion_imagenes\data\Train\Trousers\9912f8b3-b263-46a0-918b-e2b30d0b9b1e___data\Train_40-ita16dnd042lt-wash-1-indian-terrain-original-imaf3hd3qxjukgn9.jpeg
Trousers	C:\repos\Curso ML\Clasificacion_imagenes\data\Train\Trousers\9ee5f279-d609-4aae-be26-7479bbedb6ba___data\Train_32-ptf318001166blackwithygrey-peter-england-original-imaf36u65mmmynhh.jpeg
Trousers	C:\repos\Curso ML\Clasificacion_imagenes\data\Train\Trousers\9ff30221-4e90-4ce3-933b-d89fad5d8a9e___data\Train_32-zcmwjna160009indigo-john-players-original-imafy627y27jejyh.jpeg
Trousers	C:\repos\Curso ML\Clasificacion_imagenes\data\Train\Trousers\a3546301-9cb8-42d6-a2df-a122ebd4be00___data\Train_32-jcmwtra170030clay-john-players-original-imafyasegwztnvfq.jpeg
Trousers	C:\repos\Curso ML\Clasificacion_imagenes\data\Train\Trousers\a92530ea-506e-4713-9805-ddb236764fc1___data\Train_40-jog-hps-black-urbano-fashion-original-imaewxe7fgyx7u28.jpeg
Trousers	C:\repos\Curso ML\Clasificacion_imagenes\data\Train\Trousers\afa8092f-d6ca-4d0e-8078-eee6caa0ef85___data\Train_8010199chinoscb-uber-urban-42-original-imae9czfeyxmu6ut.jpeg
Trousers	C:\repos\Curso ML\Clasificacion_imagenes\data\Train\Trousers\b4a7c9a3-b709-41c6-a2c6-417150308332___data\Train_32-jcmwtra170045jet-black-john-players-original-imaf47cj6hene59h.jpeg
Trousers	C:\repos\Curso ML\Clasificacion_imagenes\data\Train\Trousers\b6521501-2d86-48e7-a969-f4538cd69cce___data\Train_81LSzL5CQOL._SY220_.jpg.jpeg
Trousers	C:\repos\Curso ML\Clasificacion_imagenes\data\Train\Trousers\b70e64aa-44f9-41f2-92e2-4c2074433d70___data\Train_46-fmtr2050khaki-beevee-original-imaeyh9jasagngsg.jpeg
Trousers	C:\repos\Curso ML\Clasificacion_imagenes\data\Train\Trousers\b802596e-a3f1-47fd-8735-6da9a1cfa5ad___data\Train_32-hltr003916-boa-highlander-original-imaf47c38qayhbcv.jpeg
Trousers	C:\repos\Curso ML\Clasificacion_imagenes\data\Train\Trousers\c6dfdad0-f2ec-4c60-ba1f-423404be6ab1___data\Train_38-jcmwtrs170023jet-black-john-players-original-imaexxjhxfywg6r3.jpeg
Trousers	C:\repos\Curso ML\Clasificacion_imagenes\data\Train\Trousers\c8762f2f-a8a8-4799-8346-47a5d380c491___data\Train_41rMCy2bW2L._AC_UL260_SR200260_.jpg.jpeg
Trousers	C:\repos\Curso ML\Clasificacion_imagenes\data\Train\Trousers\d3cb0af8-86fd-4952-8d53-bed20a9ae3be___data\Train_32-fmjc0234washed-denim-flying-machine-original-imaffn6anakyg6fg.jpeg
Trousers	C:\repos\Curso ML\Clasificacion_imagenes\data\Train\Trousers\d84657ff-1c4a-4212-a2be-67da1ffd37b3___data\Train_32-jfmwtrs1600391a2-john-players-original-imaexzzwxm59znhz.jpeg
Trousers	C:\repos\Curso ML\Clasificacion_imagenes\data\Train\Trousers\d9090236-ed62-45a4-962f-e5ef1022a177___data\Train_34-scmccpts-002-seven-crore-original-imaf3vhnqvywphpj.jpeg
Trousers	C:\repos\Curso ML\Clasificacion_imagenes\data\Train\Trousers\dc107017-c57c-4476-93a3-ed175d784841___data\Train_41UbTQgTwoL._AC_UL260_SR200260_.jpg.jpeg
Trousers	C:\repos\Curso ML\Clasificacion_imagenes\data\Train\Trousers\df6087d2-2bcc-45dc-a4f8-e556afa5ca60___data\Train_32-chinojogger-grey-urbano-fashion-original-imaf58uxp2beg8dc.jpeg
Trousers	C:\repos\Curso ML\Clasificacion_imagenes\data\Train\Trousers\e5d2d59e-7c19-43ac-9741-4bad9259097d___data\Train_32-17a4ctwb3002ib58-united-colors-of-benetton-original-imaffzb2hggwuj6v.jpeg
Trousers	C:\repos\Curso ML\Clasificacion_imagenes\data\Train\Trousers\e81ea877-e15a-401c-9f3f-945c8c18242e___data\Train_4115e0AvsL._AC_UL260_SR200260_.jpg.jpeg
Trousers	C:\repos\Curso ML\Clasificacion_imagenes\data\Train\Trousers\f292b2fe-ad56-4b2d-b00d-7df2b7459b98___data\Train_32-amtf517f03072black-allen-solly-original-imaf593pcydkcmf3.jpeg
Trousers	C:\repos\Curso ML\Clasificacion_imagenes\data\Train\Trousers\f433db79-ae48-48b0-8c39-6668803c155f___data\Train_719UwVmrivL._SL170_.jpg.jpeg
Trousers	C:\repos\Curso ML\Clasificacion_imagenes\data\Train\Trousers\fb93a244-3697-471c-9b25-a4fb1d294594___data\Train_32-jfmwtrs160035true-navy-john-players-original-imaets5eppyz7yce.jpeg
Trousers	C:\repos\Curso ML\Clasificacion_imagenes\data\Train\Trousers\fc57bc07-25a3-40a6-bea4-745fdbf9b8dd___data\Train_40-moudlin-black-polo-moudlin-original-imaf22yxxzr9eaqp.jpeg
Trousers	C:\repos\Curso ML\Clasificacion_imagenes\data\Train\Trousers\ff8c9ab7-1955-4cb6-8c96-54336a703a92___data\Train_32-zcmwjna170007indigo-john-players-original-imaffdbxvf6pqnzp.jpeg
Tshirts	C:\repos\Curso ML\Clasificacion_imagenes\data\Train\Tshirts\06acf6ad-d66e-4d8f-b7cb-a1133b80d772___data\Train_41n9X9V-huL._SX170_.jpg.jpeg
Tshirts	C:\repos\Curso ML\Clasificacion_imagenes\data\Train\Tshirts\07b97e3b-3fdb-4961-b298-847a9252b8dc___data\Train_m-mahadev-black-elepants-original-imaf4vyefwucuxvb.jpeg
Tshirts	C:\repos\Curso ML\Clasificacion_imagenes\data\Train\Tshirts\10825b4f-8c1c-4ce6-9b69-64d4c2b9bd67___data\Train_71CrOKcHf-L._SY220_.jpg.jpeg
Tshirts	C:\repos\Curso ML\Clasificacion_imagenes\data\Train\Tshirts\11ea5cd8-af2b-466a-948d-92193b430df1___data\Train_m-cw4651black-adidas-original-imaf3qhkjf9g8fwk.jpeg
Tshirts	C:\repos\Curso ML\Clasificacion_imagenes\data\Train\Tshirts\17ed699e-0e79-41f2-a218-9fef7c0e719f___data\Train_2.jpeg
Tshirts	C:\repos\Curso ML\Clasificacion_imagenes\data\Train\Tshirts\193ab522-6c7d-4c63-85a3-1191f0bfc04e___data\Train_3.jpeg
Tshirts	C:\repos\Curso ML\Clasificacion_imagenes\data\Train\Tshirts\1e9b5ebf-b56a-4c30-8914-dd7f54eb1d38___data\Train_7.jpeg
Tshirts	C:\repos\Curso ML\Clasificacion_imagenes\data\Train\Tshirts\1fa6a9bc-4023-4a1f-b7c8-bae01a7914d2___data\Train_s-ss18-rnhhspr-pln-buwh-genius18-original-imaf49fzgvvyxfrc.jpeg
Tshirts	C:\repos\Curso ML\Clasificacion_imagenes\data\Train\Tshirts\2499b992-b383-4549-80c2-bf7f71008d02___data\Train_41Fzt5uKUhL._AC_SS200_.jpg.jpeg
Tshirts	C:\repos\Curso ML\Clasificacion_imagenes\data\Train\Tshirts\254b8885-e955-4239-b6d1-d8aba29b18bc___data\Train_ct03161190-rigo-s-original-imaehms9ghxbxcxd.jpeg
Tshirts	C:\repos\Curso ML\Clasificacion_imagenes\data\Train\Tshirts\27a08112-275f-40ac-8698-ac8e313f9492___data\Train_6.jpeg
Tshirts	C:\repos\Curso ML\Clasificacion_imagenes\data\Train\Tshirts\2a0254ed-9711-4b46-aa36-921a66039518___data\Train_51I2B7I6I2BtL._AC_SS200_.jpg.jpeg
Tshirts	C:\repos\Curso ML\Clasificacion_imagenes\data\Train\Tshirts\2f40f9e2-6ca2-414e-bd50-de629de5d827___data\Train_m-tgyblvneckd03-tripr-original-imaeszychttevey6.jpeg
Tshirts	C:\repos\Curso ML\Clasificacion_imagenes\data\Train\Tshirts\353a9741-ecf8-4f73-990f-6864b54c078e___data\Train_s-cy2275white-radred-adidas-originals-original-imaf4dfsqwtwnazg.jpeg
Tshirts	C:\repos\Curso ML\Clasificacion_imagenes\data\Train\Tshirts\3d7c622c-16bf-4ede-8f10-197dea58a779___data\Train_rchn-b1-top-notch-s-original-imae8tqjr3sqwhqv.jpeg
Tshirts	C:\repos\Curso ML\Clasificacion_imagenes\data\Train\Tshirts\3fc197b3-7a73-4dba-b007-e3ed2f84484a___data\Train_5.jpeg
Tshirts	C:\repos\Curso ML\Clasificacion_imagenes\data\Train\Tshirts\47571997-afab-42ea-88b1-669f77812a39___data\Train_41gzaTK2L6L._AC_SS200_.jpg.jpeg
Tshirts	C:\repos\Curso ML\Clasificacion_imagenes\data\Train\Tshirts\4dd61f69-6655-4ee5-bc42-8f12c79e9719___data\Train_m-mss18cn060b-metronaut-original-imaf5frd6vhwmqbq.jpeg
Tshirts	C:\repos\Curso ML\Clasificacion_imagenes\data\Train\Tshirts\4f63422f-606a-4cfb-9fbe-3ec38b8c2a64___data\Train_81fCBdbeDvL._SY220_.jpg.jpeg
Tshirts	C:\repos\Curso ML\Clasificacion_imagenes\data\Train\Tshirts\5921840d-43ee-4d1c-a58a-1a427ab2f86d___data\Train_4132uUSjbhL._AC_SS200_.jpg.jpeg
Tshirts	C:\repos\Curso ML\Clasificacion_imagenes\data\Train\Tshirts\632060c0-f830-4524-b734-11f195560350___data\Train_419Ln2KHspL._AC_SS200_.jpg.jpeg
Tshirts	C:\repos\Curso ML\Clasificacion_imagenes\data\Train\Tshirts\698ceabe-77af-43e9-81ca-f8d9ae667581___data\Train_4.jpeg
Tshirts	C:\repos\Curso ML\Clasificacion_imagenes\data\Train\Tshirts\750cf935-8c49-4a72-b040-49e4c0f23620___data\Train_s-101000910112-smartraho-original-imaethfbkqgvehdd.jpeg
Tshirts	C:\repos\Curso ML\Clasificacion_imagenes\data\Train\Tshirts\809b7d24-9031-4faf-ad74-66b83ddc7c4a___data\Train_xl-rt021-leana-original-imafyguj4gfp6sey.jpeg
Tshirts	C:\repos\Curso ML\Clasificacion_imagenes\data\Train\Tshirts\8c538eef-6685-4492-98d1-a2686a7e299f___data\Train_gsfsombvnecktrq-gritstones-xl-original-imaefss4hfczwufu.jpeg
Tshirts	C:\repos\Curso ML\Clasificacion_imagenes\data\Train\Tshirts\8cd363f8-3657-4883-a9fb-c03c7ad074cb___data\Train_aw16-jkdbt-m-pln-cr-campus-sutra-xl-original-imaemf83e5x7cqak.jpeg
Tshirts	C:\repos\Curso ML\Clasificacion_imagenes\data\Train\Tshirts\8cfb43b6-f7f6-4942-9da7-5d5e99f8ada5___data\Train_l-tgygrnvrnfulr3-tripr-original-imaexms2mchtkpys.jpeg
Tshirts	C:\repos\Curso ML\Clasificacion_imagenes\data\Train\Tshirts\924905cc-0b39-4666-b77b-27cc0030f14c___data\Train_71J5RlLXyiL._SY220_.jpg.jpeg
Tshirts	C:\repos\Curso ML\Clasificacion_imagenes\data\Train\Tshirts\9b066bf5-645a-4b30-a191-5e13f6e522b8___data\Train_m-lf5100rfusion-coral-duke-original-imaf4vw5zzjbcgwc.jpeg
Tshirts	C:\repos\Curso ML\Clasificacion_imagenes\data\Train\Tshirts\9bebc95e-75fb-4f23-8bd6-d57e7f596653___data\Train_s-cm-ts09-cobio-man-original-imaf4d3mcqsbhxsg.jpeg
Tshirts	C:\repos\Curso ML\Clasificacion_imagenes\data\Train\Tshirts\9c07b22c-091f-482c-bb51-7a6c333e403a___data\Train_l-tgyrdganesh-tripr-original-imaeverxfjpjkmwu.jpeg
Tshirts	C:\repos\Curso ML\Clasificacion_imagenes\data\Train\Tshirts\a06256bd-e0d6-471e-a8c8-2036402f6666___data\Train_41Oa2FCWflL._AC_SS200_.jpg.jpeg
Tshirts	C:\repos\Curso ML\Clasificacion_imagenes\data\Train\Tshirts\a1d78cef-6e2f-478d-a1b1-c5b3ce02159e___data\Train_s-ae3207102-aeropostale-original-imaexhcsbtzsyknz.jpeg
Tshirts	C:\repos\Curso ML\Clasificacion_imagenes\data\Train\Tshirts\a48c84bd-7b35-4b5a-8df1-db1b2581b43b___data\Train_l-gg218-gespo-original-imaezqmgvwh52rcv.jpeg
Tshirts	C:\repos\Curso ML\Clasificacion_imagenes\data\Train\Tshirts\adeeefb7-51dd-4c1d-bf98-5452449db6cb___data\Train_51PrlK2B3i2BL._AC_SS200_.jpg.jpeg
Tshirts	C:\repos\Curso ML\Clasificacion_imagenes\data\Train\Tshirts\af0f3555-f5d8-4297-8d4b-7c17a2954d36___data\Train_718PPKOJ-AL._SL256_.jpg.jpeg
Tshirts	C:\repos\Curso ML\Clasificacion_imagenes\data\Train\Tshirts\baf47594-377b-47fa-ab22-fc25c5f67635___data\Train_l-fmdd0003-fanideaz-original-imaf35nf8ka9mfrn.jpeg
Tshirts	C:\repos\Curso ML\Clasificacion_imagenes\data\Train\Tshirts\cc24460b-10f0-4f9b-940c-7bb0b4116964___data\Train_xxl-t-shirt-3-step-eg-original-imaf2v3zejjgzz3d.jpeg
Tshirts	C:\repos\Curso ML\Clasificacion_imagenes\data\Train\Tshirts\d0587e86-cea2-4f55-9ca5-af5eeee88524___data\Train_l-dd8-thumb-fullblk-the-archer-original-imaf3rzkg7vjmkhy.jpeg
Tshirts	C:\repos\Curso ML\Clasificacion_imagenes\data\Train\Tshirts\d285b16a-83e1-440e-b1de-0a8477a6c872___data\Train_l-rss17bdchk-rb-rodid-original-imaexakw2shtuxzz.jpeg
Tshirts	C:\repos\Curso ML\Clasificacion_imagenes\data\Train\Tshirts\d47c7b9d-b932-425e-bad1-ef6e262258c1___data\Train_81CR5w3ISTL._SL170_.jpg.jpeg
Tshirts	C:\repos\Curso ML\Clasificacion_imagenes\data\Train\Tshirts\da93769a-9685-4bc0-913f-18f6c25f377b___data\Train_m-mss18cn105b-metronaut-original-imaf5frdrzyhauxn.jpeg
Tshirts	C:\repos\Curso ML\Clasificacion_imagenes\data\Train\Tshirts\db1bcd7f-4eef-4ee7-a84b-43108cf3da02___data\Train_s-grs001-lazy-tiger-original-imaeqrywucxge2zf.jpeg
Tshirts	C:\repos\Curso ML\Clasificacion_imagenes\data\Train\Tshirts\dc1a8aff-e8d9-4d76-b54c-5c8c927b9d1f___data\Train_827899031medium-gray-heather-ombre-blue-puma-l-original-imaez8ff9qrthhaf.jpeg
Tshirts	C:\repos\Curso ML\Clasificacion_imagenes\data\Train\Tshirts\dc34f90c-3f4c-40c2-832a-0246fea961b1___data\Train_np111-demokrazy-l-original-imaemnazwax7haaz.jpeg
Tshirts	C:\repos\Curso ML\Clasificacion_imagenes\data\Train\Tshirts\dedcabec-469b-4137-971d-9da845cd20e7___data\Train_41PIDPxcEiL._AC_SS200_.jpg.jpeg
Tshirts	C:\repos\Curso ML\Clasificacion_imagenes\data\Train\Tshirts\e4ed47d7-515f-49d6-b01b-ac39925fa06d___data\Train_men-s-stylish-half-zip-double-flap-collar-full-sleeve-tees-original-imaek47r3sshxttu.jpeg
Tshirts	C:\repos\Curso ML\Clasificacion_imagenes\data\Train\Tshirts\e8fc6d52-9f01-4f41-a5ad-e41f94f0337b___data\Train_m-mens-ss18-rn-fs-checked-tshirt-grey-maniac-original-imaf32ddvwhs2hwx.jpeg
Tshirts	C:\repos\Curso ML\Clasificacion_imagenes\data\Train\Tshirts\f4c699ac-b51a-42f3-ba4d-4b3ba8ad9ffd___data\Train_1.jpeg
Tshirts	C:\repos\Curso ML\Clasificacion_imagenes\data\Train\Tshirts\fbed6d25-3e58-4fcc-a282-1a9e4bca3ded___data\Train_41O52BQb4mQL._AC_SS200_.jpg.jpeg
